date,Open,High,Low,Close,Adj Close,Volume,Dividends,Stock Splits
2010-01-01,6.4699516101537204,6.535430485184743,6.3371753734615135,6.383555889129639,6.383555889129639,2124925600,0.0,0.0
2010-01-08,6.375067436968237,6.456915920621568,6.187120206359264,6.348694324493408,6.348694324493408,2543086000,0.0,0.0
2010-01-15,6.39416730031943,6.534218724281923,6.240777741869512,6.307468414306641,6.307468414306641,2544382400,0.0,0.0
2010-01-22,6.268362281206992,6.4784393641910585,5.9767402640239675,6.041308879852295,6.041308879852295,6710648000,0.0,0.0
2010-01-29,6.095573697857383,6.129525536476965,5.767271002003068,5.821836948394775,5.821836948394775,4067151200,0.0,0.0
2010-02-05,5.839417067650772,6.055253982554456,5.785457434187127,6.022514343261719,6.022514343261719,2882171600,0.0,0.0
2010-02-12,6.005538912027853,6.193486984390652,5.9264191562775475,6.151653289794922,6.151653289794922,2058428400,0.0,0.0
2010-02-19,6.119218524142598,6.159839225774999,5.932786166705846,6.123462200164795,6.123462200164795,2506820400,0.0,0.0
2010-02-26,6.134980720665535,6.393863545469607,6.123461478982832,6.387497425079346,6.387497425079346,2362194800,0.0,0.0
2010-03-05,6.515727206133659,6.835844039916992,6.506329599329951,6.835844039916992,6.835844039916992,3251687600,0.0,0.0
2010-03-12,6.892531660337721,6.90344501024586,6.676695112634748,6.810077667236328,6.810077667236328,2149800800,0.0,0.0
2010-03-19,6.8143192190499375,7.001660942241606,6.673661554776976,6.870703220367432,6.870703220367432,2758361200,0.0,0.0
2010-03-26,6.940427953964092,7.236899147694999,6.92830201169475,7.153232574462891,7.153232574462891,2742734400,0.0,0.0
2010-04-02,7.123223085133879,7.33360335629425,7.116856559807783,7.273884296417236,7.273884296417236,2333016000,0.0,0.0
2010-04-09,7.3187486266288735,7.549135869024362,7.289343620647915,7.545801639556885,7.545801639556885,1754281200,0.0,0.0
2010-04-16,7.535187694113778,8.0862993971815,7.329051618768524,8.077811241149902,8.077811241149902,3831612400,0.0,0.0
2010-04-23,8.123889685510044,8.259394225475939,7.77285264324186,8.143594741821289,8.143594741821289,3302611200,0.0,0.0
2010-04-30,8.163905354145179,8.202101257981951,6.040095807842491,7.464861869812012,7.464861869812012,3889589200,0.0,0.0
2010-05-07,7.387863929333006,8.03325216395346,6.827051300048632,7.831966400146484,7.831966400146484,4763323600,0.0,0.0
2010-05-14,7.734961221232941,7.83772655725057,7.160508068305425,7.20749568939209,7.20749568939209,4613518000,0.0,0.0
2010-05-21,7.057742975224781,7.696462834048059,7.013181350509335,7.680092811584473,7.680092811584473,4543072800,0.0,0.0
2010-05-28,7.863188642291289,8.061745622939528,7.680090209488014,7.976260185241699,7.976260185241699,3030742400,0.0,0.0
2010-06-04,7.827421011772435,7.939280016438205,7.342091011870752,7.5940022468566895,7.5940022468566895,4277002800,0.0,0.0
2010-06-11,7.524885240002186,8.272736197802864,7.498815271416823,8.241512298583984,8.241512298583984,3390326800,0.0,0.0
2010-06-18,8.25302998668104,8.457953542811206,8.121163204981897,8.154509544372559,8.154509544372559,3761108400,0.0,0.0
2010-06-25,8.186639992505494,8.1930057051717,7.373008176540897,7.5324602127075195,7.5324602127075195,4030583200,0.0,0.0
2010-07-02,7.593394841623798,7.969594564315327,7.37240477375071,7.823782920837402,7.823782920837402,2701778800,0.0,0.0
2010-07-09,7.787402462202578,7.937760863600163,7.470316451700934,7.622493743896484,7.622493743896484,3824038400,0.0,0.0
2010-07-16,7.674936508761111,8.037796690105747,7.263270643037531,7.85197114944458,7.85197114944458,4970277200,0.0,0.0
2010-07-23,7.793466734258116,8.063263248061348,7.763456245288062,7.824387073516846,7.824387073516846,2702504000,0.0,0.0
2010-07-30,7.757090776304705,8.01142550956525,7.7270786674355305,7.933215618133545,7.933215618133545,2003391600,0.0,0.0
2010-08-06,7.875010617822184,7.946855592615397,7.4609195121904825,7.632801055908203,7.632801055908203,2354920400,0.0,0.0
2010-08-13,7.628558612168395,7.720107043362431,7.47607772881248,7.574902534484863,7.574902534484863,1862341600,0.0,0.0
2010-08-20,7.560049178920097,7.697371835124688,7.190519580639716,7.283886909484863,7.283886909484863,2464210000,0.0,0.0
2010-08-27,7.328450587916269,7.644323348999023,7.1408052384603105,7.644323348999023,7.644323348999023,2464932400,0.0,0.0
2010-09-03,7.732835193611244,8.0793252941879,7.714949843839746,7.9747419357299805,7.9747419357299805,1828472800,0.0,0.0
2010-09-10,7.978384369444555,8.387018912340912,7.9241219917202566,8.383987426757812,8.383987426757812,2265944800,0.0,0.0
2010-09-17,8.417939391980187,8.874774158299779,8.296380460771129,8.758367538452148,8.758367538452148,3332635600,0.0,0.0
2010-09-24,8.854766523257899,8.934491756462501,8.33639465972288,8.601643562316895,8.601643562316895,3310400800,0.0,0.0
2010-10-01,8.674398137387316,8.85143286576923,8.420365286444598,8.767462730407715,8.767462730407715,2464680400,0.0,0.0
2010-10-08,8.842943240772238,9.16912378283762,8.791106864390276,9.164274215698242,9.164274215698242,2710089200,0.0,0.0
2010-10-15,9.319784168073342,9.670215753817436,9.094853638095234,9.382838249206543,9.382838249206543,4521073200,0.0,0.0
2010-10-22,9.369198851505068,9.445893423510292,9.12153332618923,9.253096580505371,9.253096580505371,2108223600,0.0,0.0
2010-10-29,9.222476687083647,9.705987655458133,9.120620401862539,9.648087501525879,9.648087501525879,2439166800,0.0,0.0
2010-11-05,9.639598321607426,9.739938448839023,9.505002819494324,9.598978042602539,9.598978042602539,1772066800,0.0,0.0
2010-11-12,9.579273500837806,9.594430116787562,9.026343572936067,9.3497953414917,9.3497953414917,2831043600,0.0,0.0
2010-11-19,9.335852971742787,9.561087091829576,9.25309543796455,9.542898178100586,9.542898178100586,1711091200,0.0,0.0
2010-11-26,9.510765455583027,9.670217555511044,9.423763839962495,9.644451141357422,9.644451141357422,2109816800,0.0,0.0
2010-12-03,9.60989254941146,9.821484574031654,9.58958200100658,9.693256378173828,9.693256378173828,1798115200,0.0,0.0
2010-12-10,9.689923239760212,9.853923806673187,9.658093040046726,9.738426208496094,9.738426208496094,1792677600,0.0,0.0
2010-12-17,9.749943768981238,9.873928692332484,9.646875690768933,9.809662818908691,9.809662818908691,1517972400,0.0,0.0
2010-12-24,9.786928751265664,9.902425534940269,9.746610392119983,9.811483383178711,9.811483383178711,746373600,0.0,0.0
2010-12-31,9.789959081185073,10.162822911694569,9.740243526028586,10.116745948791504,10.116745948791504,1503675600,0.0,0.0
2011-01-07,10.124628809181273,10.5081033126452,10.061271962036434,10.47900104522705,10.47900104522705,1803970000,0.0,0.0
2011-01-14,10.485368057381645,10.567519313236104,9.88241878268856,10.084918022155762,10.084918022155762,4090240000,0.0,0.0
2011-01-21,10.117955687402779,10.476572677054754,9.901512512739389,10.404121398925781,10.404121398925781,2667854000,0.0,0.0
2011-01-28,10.433225869392937,10.478090238484757,10.110683078472796,10.41109561920166,10.41109561920166,2048690000,0.0,0.0
2011-02-04,10.41715965549319,10.913100240024848,10.41321912844596,10.747584342956543,10.747584342956543,2599198000,0.0,0.0
2011-02-11,10.753949728212762,11.061637833405886,10.717269156378647,10.861564636230469,10.861564636230469,1973904800,0.0,0.0
2011-02-18,10.873990483220416,10.897938808999141,10.237696783147806,10.39411735534668,10.39411735534668,2860368000,0.0,0.0
2011-02-25,10.466267521514597,10.906732258381616,10.452323497305077,10.899760246276855,10.899760246276855,2342608800,0.0,0.0
2011-03-04,10.915224443429008,10.963727421179955,10.455358029232764,10.509014129638672,10.509014129638672,2316552000,0.0,0.0
2011-03-11,10.468388260041445,10.806391993130676,9.890297365091657,10.144330978393555,10.144330978393555,3449552400,0.0,0.0
2011-03-18,10.219810207044691,10.488697643108233,10.003670605695408,10.457473754882812,10.457473754882812,2266247200,0.0,0.0
2011-03-25,10.551451234212076,10.740915458356492,10.490520391943072,10.564789772033691,10.564789772033691,1714591200,0.0,0.0
2011-04-01,10.643604671437862,10.658154991241114,10.185557366129979,10.248611450195312,10.248611450195312,2137464000,0.0,0.0
2011-04-08,10.304389590530004,10.311361602196193,10.00427982190202,10.077033042907715,10.077033042907715,1850142000,0.0,0.0
2011-04-15,10.10370875372232,10.765467003618774,9.705381308516671,10.63117504119873,10.63117504119873,2937359600,0.0,0.0
2011-04-22,10.620263963871352,10.761224403695293,10.474149593714234,10.511436462402344,10.511436462402344,1322518400,0.0,0.0
2011-04-29,10.51234550335792,10.729697762469236,10.473543296585358,10.511436462402344,10.511436462402344,2487626400,0.0,0.0
2011-05-06,10.600558351632055,10.609955551186019,10.375627812011148,10.505977630615234,10.505977630615234,1424973200,0.0,0.0
2011-05-13,10.478389391273124,10.49627393505263,10.02579888797713,10.322877883911133,10.322877883911133,1824172000,0.0,0.0
2011-05-20,10.29347637133711,10.335613614086943,9.986091033936953,10.155243873596191,10.155243873596191,1560280400,0.0,0.0
2011-05-27,10.149180007618087,10.674523839566367,10.13432613505513,10.491729736328125,10.491729736328125,1514819600,0.0,0.0
2011-06-03,10.40321164595918,10.52052727562759,10.023375906014413,10.048839569091797,10.048839569091797,1913788800,0.0,0.0
2011-06-10,10.020346097341546,10.102194589042004,9.649907463734626,9.856952667236328,9.856952667236328,2007784800,0.0,0.0
2011-06-17,9.973056653094202,10.0549043362371,9.41254750999494,10.040960311889648,10.040960311889648,2699390400,0.0,0.0
2011-06-24,10.04520067503392,10.206774346345766,9.854827496310197,10.17555046081543,10.17555046081543,1749420400,0.0,0.0
2011-07-01,10.184044650734663,10.852472401934127,10.130994854908536,10.828221321105957,10.828221321105957,1634656800,0.0,0.0
2011-07-08,10.711205162282413,10.961903741422566,10.568122290359732,10.845497131347656,10.845497131347656,2206089200,0.0,0.0
2011-07-15,10.948564620569648,12.012591646985522,10.887936535208306,11.740370750427246,11.740370750427246,3344140800,0.0,0.0
2011-07-22,11.771594569196768,12.262078384537617,11.75431550712625,11.877694129943848,11.877694129943848,2836475600,0.0,0.0
2011-07-29,11.750981013831682,12.110506270549614,11.439048053213398,11.439654350280762,11.439654350280762,3488875600,0.0,0.0
2011-08-05,11.53271687673966,11.625478692609244,10.701502363047283,11.328399658203125,11.328399658203125,5051634000,0.0,0.0
2011-08-12,11.460873979760308,11.67004242138333,10.954627259328888,11.096497535705566,11.096497535705566,2781766400,0.0,0.0
2011-08-19,10.978878307695489,11.4878529215192,10.764254018233636,11.329007148742676,11.329007148742676,3465652400,0.0,0.0
2011-08-26,11.251706827997703,11.885576275471402,11.240490736469578,11.550604820251465,11.550604820251465,2330980400,0.0,0.0
2011-09-02,11.359930089218516,11.780388701772546,11.1095350096562,11.64488410949707,11.64488410949707,1715372400,0.0,0.0
2011-09-09,11.638515238907951,11.933471868915447,11.273835258636813,11.912251472473145,11.912251472473145,2425749200,0.0,0.0
2011-09-16,11.99046047569624,12.8186434989013,11.975000308070056,12.180832862854004,12.180832862854004,3872584800,0.0,0.0
2011-09-23,12.134150186134251,12.406067502882053,11.70762956691294,11.839799880981445,11.839799880981445,3072375600,0.0,0.0
2011-09-30,11.735217290080202,11.788874175804276,10.738488386119068,11.439654350280762,11.439654350280762,4049469200,0.0,0.0
2011-10-07,11.391454565776026,12.406068794475003,11.170464553719645,12.38121223449707,12.38121223449707,2632131600,0.0,0.0
2011-10-14,12.635854897058278,12.935055693744603,11.950148123202252,11.983492851257324,11.983492851257324,3794344400,0.0,0.0
2011-10-21,12.068067889157746,12.398492527342947,11.845258154349581,12.267837524414062,12.267837524414062,2504779200,0.0,0.0
2011-10-28,12.21660848157934,12.408497902427117,11.920136436541759,12.218730926513672,12.218730926513672,2008871200,0.0,0.0
2011-11-04,12.187202839506273,12.368178889356571,11.584557256083487,11.677621841430664,11.677621841430664,2276383200,0.0,0.0
2011-11-11,11.71976054165193,11.857084034343226,11.382970112407678,11.44087028503418,11.44087028503418,2346612800,0.0,0.0
2011-11-18,11.486640036461301,11.519075712183026,11.092253141642027,11.124992370605469,11.124992370605469,1657210800,0.0,0.0
2011-11-25,11.168346471376331,11.792211805889618,11.01374390189882,11.75977611541748,11.75977611541748,1770148800,0.0,0.0
2011-12-02,11.817368373626625,12.01683605895852,11.724303798619635,11.842529296875,11.842529296875,1700966400,0.0,0.0
2011-12-09,11.90891776883671,11.986219430787884,11.449051561235242,11.487247467041016,11.487247467041016,1600076800,0.0,0.0
2011-12-16,11.530292427512263,12.099289613687375,11.506344100811267,12.081707000732422,12.081707000732422,1459530800,0.0,0.0
2011-12-23,12.11626713463903,12.401220295483377,12.110204163646523,12.280872344970703,12.280872344970703,979115200,0.0,0.0
2011-12-30,12.232064985118615,12.687989818791795,12.231459497576848,12.672226905822754,12.672226905822754,1013174400,0.0,0.0
2012-01-06,12.724975645160004,12.966882521127978,12.694054493137209,12.774084091186523,12.774084091186523,1398185600,0.0,0.0
2012-01-13,12.722855126866975,13.076620205919758,12.691327674978208,12.966883659362793,12.966883659362793,1007448400,0.0,0.0
2012-01-20,12.959002740056293,13.776271932658315,12.718308419629919,13.478588104248047,13.478588104248047,2549974000,0.0,0.0
2012-01-27,13.469793481905835,13.913895963540499,13.452515229767798,13.79658031463623,13.79658031463623,1527576400,0.0,0.0
2012-02-03,13.862667624915575,15.05856080870848,13.809920583120766,14.95003604888916,14.95003604888916,2144340800,0.0,0.0
2012-02-10,14.883039823041242,15.954037240913141,14.751778536998389,15.22407341003418,15.22407341003418,4059588400,0.0,0.0
2012-02-17,15.251359988978427,15.697585016317383,15.166177255714995,15.653931617736816,15.653931617736816,2192730400,0.0,0.0
2012-02-24,15.753359283609031,16.618526583826416,15.650594763495636,16.505149841308594,16.505149841308594,3198322400,0.0,0.0
2012-03-02,16.49818000456779,16.59639690005054,15.648776357862582,16.429973602294922,16.429973602294922,3366053600,0.0,0.0
2012-03-09,16.497268678373892,18.188798636080296,16.463923149251116,17.75075912475586,17.75075912475586,4095618800,0.0,0.0
2012-03-16,17.72529333116032,18.481025972817434,17.521582389165236,18.168487548828125,18.168487548828125,3811298400,0.0,0.0
2012-03-23,18.20334914068007,18.83873387286998,18.01873533323687,18.48739242553711,18.48739242553711,2897059200,0.0,0.0
2012-03-30,18.45434930060348,19.239184216109045,18.12604714702737,19.209476470947266,19.209476470947266,3378228000,0.0,0.0
2012-04-06,18.98060422504455,19.522318089861326,18.809934439417834,18.878747940063477,18.878747940063477,2798213600,0.0,0.0
2012-04-13,18.9193750051023,18.937261178378964,17.33697644822106,17.807754516601562,17.807754516601562,4725210000,0.0,0.0
2012-04-20,17.927182400910244,18.73414494647071,16.824353447768107,18.42190933227539,18.42190933227539,4515509600,0.0,0.0
2012-04-27,18.342191777991065,18.37584005533505,17.547655963486537,17.637386322021484,17.637386322021484,2341805200,0.0,0.0
2012-05-04,17.49369634447288,17.532497739260904,16.937431311569917,17.29483413696289,17.29483413696289,2301266800,0.0,0.0
2012-05-11,17.127506657588523,17.41458235335801,16.070148468017578,16.070148468017578,16.070148468017578,2506624400,0.0,0.0
2012-05-18,16.186552146527372,17.4761179784618,15.829451994647581,17.137205123901367,17.137205123901367,3139396400,0.0,0.0
2012-05-25,17.11507460185395,17.627686312899854,16.929550905489386,17.513402938842773,17.513402938842773,1730120000,0.0,0.0
2012-06-01,17.253602887850626,17.50096555773717,16.62731354362488,17.331207275390625,17.331207275390625,2247420000,0.0,0.0
2012-06-08,17.327575249247978,17.839884179506864,17.179036500488312,17.32545280456543,17.32545280456543,2013314800,0.0,0.0
2012-06-15,17.30938955818056,17.88535898454516,17.26543341302031,17.511585235595703,17.511585235595703,1822366000,0.0,0.0
2012-06-22,17.55311208021795,17.64860103998206,17.145992887907727,17.250272750854492,17.250272750854492,1351224000,0.0,0.0
2012-06-29,17.521582190895682,18.623198770721974,17.407904334024778,18.489816665649414,18.489816665649414,1547688800,0.0,0.0
2012-07-06,18.403427825005586,18.790842848407724,17.96660079186982,18.155155181884766,18.155155181884766,2207657200,0.0,0.0
2012-07-13,18.2779253240359,18.65381982850282,18.1884977121516,18.622596740722656,18.622596740722656,1595874000,0.0,0.0
2012-07-20,18.583494448923954,18.626237999552096,17.279076294049062,17.42700958251953,17.42700958251953,2734524800,0.0,0.0
2012-07-27,17.43094334107813,18.685646254062707,17.327268981854754,18.424640655517578,18.424640655517578,1962066400,0.0,0.0
2012-08-03,18.601679975669366,18.946351393858073,18.538929437059355,18.816909790039062,18.816909790039062,1403819200,0.094643,0.0
2012-08-10,18.8362069866912,19.44204903622162,18.83590294298097,19.372940063476562,19.372940063476562,1325816800,0.0,0.0
2012-08-17,19.484364028633845,20.546261759258957,19.448135680348344,20.17331886291504,20.17331886291504,2854317200,0.0,0.0
2012-08-24,20.078335883270565,20.728626892473162,19.95777685307141,20.21107292175293,20.21107292175293,1637272000,0.0,0.0
2012-08-31,20.31396706954412,20.65007346908055,20.009523479724084,20.58857536315918,20.58857536315918,1433784800,0.0,0.0
2012-09-07,20.642768144877124,20.869579840305732,19.97147225342427,20.79286003112793,20.79286003112793,2632240800,0.0,0.0
2012-09-14,21.005360331431284,21.43249286464336,20.94233875163709,21.271442413330078,21.271442413330078,2035451600,0.0,0.0
2012-09-21,21.384393250531907,21.465374551833992,20.103905994785457,20.74232292175293,20.74232292175293,2900738400,0.0,0.0
2012-09-28,20.664082211942432,20.73593082495809,19.808595946431424,20.30027198791504,20.30027198791504,2501704800,0.0,0.0
2012-10-05,20.251558886898934,20.275913270941665,18.98355379186751,19.122074127197266,19.122074127197266,3127034400,0.0,0.0
2012-10-12,19.166517346608696,19.873738923032953,18.992680848428233,19.260286331176758,19.260286331176758,2307950400,0.0,0.0
2012-10-19,19.211883836849765,19.343707069649735,18.435553166898593,18.557025909423828,18.557025909423828,3212815200,0.0,0.0
2012-10-26,18.553680987021032,18.69281268125797,17.892127438221173,18.1612548828125,18.1612548828125,1889734000,0.0,0.0
2012-11-02,18.141464657000387,18.173735559380397,16.296539053981487,16.371431350708008,16.371431350708008,3353221200,0.094643,0.0
2012-11-09,16.52786209404101,16.97009705201579,15.983478810180861,16.075227737426758,16.075227737426758,3245746000,0.0,0.0
2012-11-16,16.06238532556022,17.49215827399417,15.467538666407673,17.178678512573242,17.178678512573242,3105967200,0.0,0.0
2012-11-23,17.345966072015255,18.174162915658332,17.206200576133337,18.02461051940918,18.02461051940918,2472299200,0.0,0.0
2012-11-30,17.946013419830027,18.184564241584983,15.861450787146234,16.73644256591797,16.73644256591797,3534518400,0.0,0.0
2012-12-07,16.92483352481322,16.979883205403567,15.951670680918808,16.1997013092041,16.1997013092041,3122274400,0.0,0.0
2012-12-14,15.742787976200692,16.3590426363964,15.329301189143958,15.956260681152344,15.956260681152344,3323930400,0.0,0.0
2012-12-21,15.673055387969734,16.033326656374197,15.434199171171821,15.752266883850098,15.752266883850098,1529578400,0.0,0.0
2012-12-28,15.606386825540433,16.973768180973536,15.540019809545793,16.579242706298828,16.579242706298828,1927254000,0.0,0.0
2013-01-04,16.42235117075897,16.47311990774961,15.756551108524238,16.010700225830078,16.010700225830078,2545947600,0.0,0.0
2013-01-11,15.933935437091701,16.066055346195952,14.78338809809667,15.37364673614502,15.37364673614502,3105970000,0.0,0.0
2013-01-18,15.246417904454459,15.750126408659883,13.770159041122136,13.777806282043457,13.777806282043457,3256831200,0.0,0.0
2013-01-25,13.814201824546869,14.147866243052931,13.303764762340665,13.930418014526367,13.930418014526367,3301191600,0.0,0.0
2013-02-01,14.041128454625438,14.37418034109346,13.51784695417471,14.319743156433105,14.319743156433105,2888236400,0.094643,0.0
2013-02-08,14.581004142412691,14.917536483325865,14.249393772011048,14.353060722351074,14.353060722351074,2590184800,0.0,0.0
2013-02-15,14.422580408694616,14.462879451061587,13.621855851043449,13.72152328491211,13.72152328491211,1751013600,0.0,0.0
2013-02-22,13.819650499286192,14.000220722460814,13.463123166824062,13.578171730041504,13.578171730041504,2114599200,0.0,0.0
2013-03-01,13.47358525495447,13.479123293135743,12.889115228072745,13.24533462524414,13.24533462524414,2702361200,0.0,0.0
2013-03-08,13.221340025934742,13.504654771896726,13.077990109647713,13.304396629333496,13.304396629333496,2041054400,0.0,0.0
2013-03-15,13.471430956677647,14.180179023742788,13.450512584351404,13.926702499389648,13.926702499389648,2468849600,0.0,0.0
2013-03-22,13.983612370458676,14.4564188420014,13.584941839311693,13.616933822631836,13.616933822631836,1964611600,0.0,0.0
2013-03-29,13.593554072940229,13.64892541197478,13.081373499344195,13.157354354858398,13.157354354858398,1640914800,0.0,0.0
2013-04-05,13.05830274370118,13.473276895676344,12.910031682173164,13.360690116882324,13.360690116882324,1695430800,0.0,0.0
2013-04-12,13.35515208385231,13.35515208385231,11.989029401097604,12.060089111328125,12.060089111328125,2473259600,0.0,0.0
2013-04-19,11.934580287532556,12.773756390178846,11.846293689966727,12.562424659729004,12.562424659729004,3057922000,0.0,0.0
2013-04-26,12.606414263694017,13.799348786453873,12.558425878727407,13.704912185668945,13.704912185668945,3024700000,0.0,0.0
2013-05-03,13.88302243091687,14.327220413629384,13.816577471689376,14.050980567932129,14.050980567932129,2212781200,0.108929,0.0
2013-05-10,14.181142282605057,14.23502217342505,12.971331108998013,13.456865310668945,13.456865310668945,2443736400,0.0,0.0
2013-05-17,13.595280135723161,13.883257494204544,13.318141266078209,13.690962791442871,13.690962791442871,2131564400,0.0,0.0
2013-05-24,13.65101882222558,14.073694280171594,13.606118634782415,13.983275413513184,13.983275413513184,1346408000,0.0,0.0
2013-05-31,14.011757106243577,14.15419868406459,13.440450354137772,13.577006340026855,13.577006340026855,1756907600,0.0,0.0
2013-06-07,13.516317241868434,13.905858662532609,13.276336693713368,13.499595642089844,13.499595642089844,1691860800,0.0,0.0
2013-06-14,13.482259610593609,13.50981887917148,12.855833218828787,12.90754508972168,12.90754508972168,1394556800,0.0,0.0
2013-06-21,12.958636677999742,13.005394825684323,12.186055216261646,12.193486213684082,12.193486213684082,1980997200,0.0,0.0
2013-06-28,12.118551020714165,13.097671535730578,12.04144708478016,13.030166625976562,13.030166625976562,1680364000,0.0,0.0
2013-07-05,13.017472386429333,13.260858851771072,12.707510399961535,13.231131553649902,13.231131553649902,1532445600,0.0,0.0
2013-07-12,13.242278839846438,13.465847098833308,13.110986585055175,13.369545936584473,13.369545936584473,1155887600,0.0,0.0
2013-07-19,13.411037095231785,13.76682693768709,12.965447712326615,13.578248977661133,13.578248977661133,1667344000,0.0,0.0
2013-07-26,13.479160402779161,14.161632937085894,13.449433937958363,14.141196250915527,14.141196250915527,1286840800,0.0,0.0
2013-08-02,14.182380054367396,14.612177210070117,14.140577292112143,14.275276184082031,14.275276184082031,1483132000,0.108929,0.0
2013-08-09,14.295660896335852,15.71731045535472,14.14012521536646,15.519694328308105,15.519694328308105,2759906800,0.0,0.0
2013-08-16,15.589513464303947,16.01310950324611,15.528732450774116,15.67710018157959,15.67710018157959,1811600000,0.0,0.0
2013-08-23,15.686761599732293,15.902768637308448,15.148461914446045,15.326128959655762,15.326128959655762,1525151600,0.0,0.0
2013-08-30,15.335481319552654,15.654659468716364,15.164048328566818,15.437405586242676,15.437405586242676,1185626400,0.0,0.0
2013-09-06,15.536217554481635,15.831704584230554,14.487980029811578,14.733597755432129,14.733597755432129,2746156000,0.0,0.0
2013-09-13,14.629174768557156,14.831466845241817,13.939702418748563,14.721437454223633,14.721437454223633,2103326400,0.0,0.0
2013-09-20,14.899106321827594,15.488525541382298,14.525069936081229,15.15532112121582,15.15532112121582,2379932800,0.0,0.0
2013-09-27,15.07926352998239,15.346388320902138,14.787204095558018,15.067730903625488,15.067730903625488,1454017600,0.0,0.0
2013-10-04,15.081762112408528,15.355743645701061,14.907835467596277,15.261922836303711,15.261922836303711,1442406000,0.0,0.0
2013-10-11,15.17931899802277,15.733827271801392,15.122278439320546,15.725099563598633,15.725099563598633,1354404800,0.0,0.0
2013-10-18,15.77154571538835,16.596919378125342,15.762818005695795,16.579463958740234,16.579463958740234,1921200400,0.0,0.0
2013-10-25,16.561073786663446,16.8082495948022,16.03804707326569,16.292390823364258,16.292390823364258,2153900000,0.0,0.0
2013-11-01,16.333531446494092,16.48532830842145,15.970716488061433,15.974143981933594,15.974143981933594,1270726800,0.108929,0.0
2013-11-08,16.132940580604288,16.593809742586117,16.070550592143693,16.558696746826172,16.558696746826172,1190686000,0.0,0.0
2013-11-15,16.509161414691178,16.58785297133834,16.10441174971512,16.338607788085938,16.338607788085938,1227746800,0.0,0.0
2013-11-22,16.287815976744223,17.118008627129747,16.2567783745963,17.11675453186035,17.11675453186035,1217868400,0.0,0.0
2013-11-29,17.227108987115752,18.031591648638575,17.17475177831728,17.80460548400879,17.80460548400879,2067030000,0.0,0.0
2013-12-06,17.738462169601636,17.900865037184843,17.543456165354506,17.57386589050293,17.57386589050293,1565124400,0.0,0.0
2013-12-13,17.646280329226684,17.64722131906645,16.89227287267414,17.06972312927246,17.06972312927246,1731489200,0.0,0.0
2013-12-20,17.100133851253194,17.929385301284874,17.08100932183508,17.67919921875,17.67919921875,1309282800,0.0,0.0
2013-12-27,17.6766929946215,17.695189641441363,17.30674331463156,17.341543197631836,17.341543197631836,937283200,0.0,0.0
2014-01-03,17.333086033838928,17.35942036659974,16.729251571127325,16.820798873901367,16.820798873901367,1659966000,0.0,0.0
2014-01-10,16.92457471306387,17.563209161335408,16.612626347946616,17.376667022705078,17.376667022705078,1636947200,0.0,0.0
2014-01-17,17.289821788610382,17.471973742326014,16.92676862812435,17.43717384338379,17.43717384338379,1538490800,0.0,0.0
2014-01-24,17.368815337692137,17.419605342413202,15.572367144400419,15.668929100036621,15.668929100036621,3231068400,0.0,0.0
2014-01-31,15.5247180669417,16.154886767866994,15.473614935608891,16.068042755126953,16.068042755126953,1829052400,0.108929,0.0
2014-02-07,16.443976812158432,17.184205453078384,16.3178199655591,17.17095947265625,17.17095947265625,1613595200,0.0,0.0
2014-02-14,17.1091402216457,17.38416274162645,16.684305400117104,16.75211524963379,16.75211524963379,1152802000,0.0,0.0
2014-02-21,16.803842642677687,16.85998310520759,16.26168208531755,16.642362594604492,16.642362594604492,1377745600,0.0,0.0
2014-02-28,16.68682181348382,16.865649206143765,16.46730819079505,16.739492416381836,16.739492416381836,1255441600,0.0,0.0
2014-03-07,16.750230549301577,17.020521751023775,16.591271988527055,16.736352920532227,16.736352920532227,1135607200,0.0,0.0
2014-03-14,16.677679110188933,16.9126469803306,16.495066874591224,16.674840927124023,16.674840927124023,1079545600,0.0,0.0
2014-03-21,16.77671342150276,17.31509067606737,16.60009420427941,16.951126098632812,16.951126098632812,1533840000,0.0,0.0
2014-03-28,16.978255889966633,17.140999229681306,16.849890794319656,16.993080139160156,16.993080139160156,912758000,0.0,0.0
2014-04-04,17.025244936405535,17.031236282639988,16.359449216931303,16.510208129882812,16.510208129882812,1254811600,0.0,0.0
2014-04-11,16.36890975380931,16.645195528890348,16.127003895298486,16.55625343322754,16.55625343322754,1242981600,0.0,0.0
2014-04-18,16.568874453150833,17.977422300350092,16.525350014746035,17.907089233398438,17.907089233398438,1539963600,0.0,0.0
2014-04-25,17.80489437904832,18.90561757650098,17.78691865805082,18.65488052368164,18.65488052368164,2097827200,0.0,0.0
2014-05-02,18.68200752817243,19.062686273006754,18.49466382907085,18.544811248779297,18.544811248779297,1366307600,0.1175,0.0
2014-05-09,18.538973022168857,18.946834253234265,18.4054498670508,18.674715042114258,18.674715042114258,1061793600,0.0,0.0
2014-05-16,18.668688092051433,19.34169179739723,18.566247678649894,19.259864807128906,19.259864807128906,1226467200,0.0,0.0
2014-05-23,19.259231743294944,20.198644907674908,19.234493941213945,20.15138816833496,20.15138816833496,1273031200,0.0,0.0
2014-05-30,20.23384174606599,20.59508128500652,19.742886736293794,20.531015396118164,20.531015396118164,1865368400,0.0,0.0
2014-06-06,20.611891668017364,21.101896490896944,20.369268183879235,20.489152908325195,20.489152908325195,1304426400,0.0,7.0
2014-06-13,20.469172146125906,20.591277433761057,20.176121149591076,20.39369010925293,20.39369010925293,755416000,0.0,0.0
2014-06-20,20.391468338549366,20.546875213006096,19.903050604632632,20.180561065673828,20.180561065673828,1012504000,0.0,0.0
2014-06-27,20.16280151240858,20.890988746169104,20.151700415612776,20.87544822692871,20.87544822692871,812364400,0.0,0.0
2014-07-04,20.899875813384668,21.49041911656794,20.762229961551924,21.09968376159668,21.09968376159668,791248000,0.0,0.0
2014-07-11,21.17072142106399,21.557015567575483,20.551317774156598,20.66676139831543,20.66676139831543,932000800,0.0,0.0
2014-07-18,20.784427514691174,21.730182101774293,20.651221116474655,21.541475296020508,21.541475296020508,1131644000,0.0,0.0
2014-07-25,21.50151333992468,22.07651598040402,21.164061315015605,21.224002838134766,21.224002838134766,927132000,0.0,0.0
2014-08-01,21.068596357406005,21.450451055726084,20.890988969511685,20.975353240966797,20.975353240966797,918684000,0.1175,0.0
2014-08-08,21.03060017167904,21.76910254433348,20.81194901212584,21.75348472595215,21.75348472595215,689108000,0.0,0.0
2014-08-15,21.84273548895221,22.554463903700835,21.61069805736824,22.440677642822266,22.440677642822266,1008396000,0.0,0.0
2014-08-22,22.375968067950204,22.9315180946762,22.353657143198472,22.813268661499023,22.813268661499023,953740000,0.0,0.0
2014-08-29,22.949372734350625,23.145711299916037,21.818191399826546,21.89181900024414,21.89181900024414,1237192000,0.0,0.0
2014-09-05,22.043533849496097,22.998455864203,21.450053293278156,22.630319595336914,22.630319595336914,1831530800,0.0,0.0
2014-09-12,22.581234190384624,22.99176240767889,22.063612839684662,22.71063995361328,22.71063995361328,1156306400,0.0,0.0
2014-09-19,22.82219821936039,22.96722181437185,21.802573251482787,21.836040496826172,21.836040496826172,1389427200,0.0,0.0
2014-09-26,21.983292604250387,22.65486226344008,21.873967865103364,22.288957595825195,22.288957595825195,1066600000,0.0,0.0
2014-10-03,22.18632264398093,22.842272682893658,21.934204257981047,22.53883934020996,22.53883934020996,1029584800,0.0,0.0
2014-10-10,22.46522087834461,22.764191113491876,21.23586928405301,21.476831436157227,21.476831436157227,1426766800,0.0,0.0
2014-10-17,21.753486310466208,23.437987726162532,21.599538016483447,23.38890266418457,23.38890266418457,1518634800,0.0,0.0
2014-10-24,23.46698787011485,23.95560510322845,23.321964311652227,23.86859130859375,23.86859130859375,890580800,0.0,0.0
2014-10-31,24.09840514298121,24.609333471364835,23.919914287730922,24.252351760864258,24.252351760864258,843602800,0.1175,0.0
2014-11-07,24.36871555081869,25.42189153906172,24.29028784268924,25.28072166442871,25.28072166442871,779178400,0.0,0.0
2014-11-14,25.354665221364055,26.280115476012227,24.91994925347046,26.06275749206543,26.06275749206543,881196000,0.0,0.0
2014-11-21,26.331659831285933,26.833598906252565,26.00002044539981,26.665538787841797,26.665538787841797,856955200,0.0,0.0
2014-11-28,26.726037627121073,26.755169139551267,24.933396501651586,25.87901496887207,25.87901496887207,1012340800,0.0,0.0
2014-12-05,25.99105665021389,26.011224753115314,24.503164560618075,25.01182746887207,25.01182746887207,968635200,0.0,0.0
2014-12-12,24.751886433357686,25.24262237548828,23.81075074310805,25.24262237548828,25.24262237548828,1185819600,0.0,0.0
2014-12-19,25.15523840667384,25.430856036966485,25.020790657048458,25.099218368530273,25.099218368530273,696421200,0.0,0.0
2014-12-26,25.119384966498654,25.71767856844787,24.695873611447325,24.733966827392578,24.733966827392578,530419200,0.0,0.0
2015-01-02,24.960286590458672,25.13058797508581,23.4455043694606,25.07232666015625,25.07232666015625,1131030400,0.0,0.0
2015-01-09,25.247113686928216,25.377080602746453,23.900393024481954,23.93624496459961,23.93624496459961,1117651200,0.0,0.0
2015-01-16,23.983300060291374,25.20229671888239,23.573232943355585,25.18661117553711,25.18661117553711,923142000,0.0,0.0
2015-01-23,25.164206151066374,26.708118531388617,24.431462968600478,26.64313507080078,26.64313507080078,1714248000,0.0,0.0
2015-01-30,26.53109127534385,27.003900549523063,26.011225372734906,26.876174926757812,26.876174926757812,1243184800,0.1175,0.0
2015-02-06,27.000235279732113,28.678471757790135,26.642542591699204,28.449007034301758,28.449007034301758,1170564800,0.0,0.0
2015-02-13,28.633482306191077,29.027170195226354,28.26679077600169,28.896690368652344,28.896690368652344,798714800,0.0,0.0
2015-02-20,28.934928012577597,30.055253505203854,28.482750679589948,29.33986473083496,29.33986473083496,1420599200,0.0,0.0
2015-02-27,29.245384943712317,29.373616356154724,28.29153594612418,28.437763214111328,28.437763214111328,944444800,0.0,0.0
2015-03-06,28.885437064239415,29.148648519361313,27.362428331730737,27.996828079223633,27.996828079223633,1390115600,0.0,0.0
2015-03-13,27.98558983516893,29.076667538811176,27.57615443054888,28.682979583740234,28.682979583740234,999220400,0.0,0.0
2015-03-20,28.851700831809126,28.885444138070056,27.580650900238574,27.94959259033203,27.94959259033203,953900800,0.0,0.0
2015-03-27,28.023831078513897,28.455762558720966,27.6503908559421,28.192554473876953,28.192554473876953,806312000,0.0,0.0
2015-04-03,28.00132926923231,28.82244825311441,27.969834379149628,28.47150421142578,28.47150421142578,568078000,0.0,0.0
2015-04-10,28.334277525382358,28.92368683789554,28.179053190580284,28.383769989013672,28.383769989013672,637668400,0.0,0.0
2015-04-17,28.24429374843029,29.339869768341337,27.999081550177575,29.171146392822266,29.171146392822266,859487200,0.0,0.0
2015-04-24,29.35561569829438,30.266719079613512,28.026074821775037,28.15430450439453,28.15430450439453,1627942400,0.0,0.0
2015-05-01,28.36801785940915,29.373610979359192,27.751615724003027,28.179048538208008,28.179048538208008,1099416800,0.13,0.0
2015-05-08,28.61754638933579,29.130348205566406,28.197364406207438,29.130348205566406,29.130348205566406,902575600,0.0,0.0
2015-05-15,29.15746067945652,29.735774957898464,28.963182903383835,29.681556701660156,29.681556701660156,839637600,0.0,0.0
2015-05-22,29.728990316708522,30.038477928287875,29.16874549012481,29.769651412963867,29.769651412963867,771440400,0.0,0.0
2015-05-29,29.64541076425444,29.69510996999032,29.1213147497101,29.222970962524414,29.222970962524414,744394000,0.0,0.0
2015-06-05,29.25459249930642,29.408205693379728,28.37808486573753,29.04901885986328,29.04901885986328,875420800,0.0,0.0
2015-06-12,28.958661390803904,28.99028784249698,28.39841818857506,28.888629913330078,28.888629913330078,722778000,0.0,0.0
2015-06-19,28.850229370186913,29.322370113065585,28.554295376680138,28.80278968811035,28.80278968811035,824976400,0.0,0.0
2015-06-26,28.84119091788909,28.913480198256106,28.12055763896824,28.563329696655273,28.563329696655273,780194800,0.0,0.0
2015-07-03,28.224465287257452,28.515881850002497,26.932293262748978,27.124311447143555,27.124311447143555,857455200,0.0,0.0
2015-07-10,27.546759779197178,29.044505786947987,27.38184894838823,29.030948638916016,29.030948638916016,817738800,0.0,0.0
2015-07-17,29.15971395414761,30.038481136320573,27.558052312630124,28.274169921875,28.274169921875,1393085600,0.0,0.0
2015-07-24,28.310318628013558,28.405197992959128,27.494804202740244,27.643901824951172,27.643901824951172,763503600,0.0,0.0
2015-07-31,27.695855051064854,27.704891426041552,25.32386091031806,26.008350372314453,26.008350372314453,1556860800,0.13,0.0
2015-08-07,26.001270853795067,27.22894383264512,24.87798225461672,26.130619049072266,26.130619049072266,1361832400,0.0,0.0
2015-08-14,25.942260635790202,26.69792697282213,25.331827250274436,25.56329345703125,25.56329345703125,940652000,0.0,0.0
2015-08-21,25.059521800054913,25.697185432066885,20.87726160675376,25.624568939208984,25.624568939208984,2301896400,0.0,0.0
2015-08-28,25.454375117313575,25.989922427588997,24.36285791870044,25.045907974243164,25.045907974243164,1205449200,0.0,0.0
2015-09-04,24.72820905366047,25.87418814079755,24.623822952917994,25.54514503479004,25.54514503479004,1010974000,0.0,0.0
2015-09-11,25.368136758585432,26.525462616895812,25.3613292343922,25.851490020751953,25.851490020751953,1011624800,0.0,0.0
2015-09-18,25.46344897865037,26.21003815194835,25.386294719017158,26.096574783325195,26.096574783325195,1043318800,0.0,0.0
2015-09-25,26.423352055496082,26.48008374456658,24.35150966260065,24.866634368896484,24.866634368896484,1248113600,0.0,0.0
2015-10-02,24.510359836914514,25.363603208126865,24.405973735052804,24.848480224609375,24.848480224609375,1068106000,0.0,0.0
2015-10-09,24.961937942589795,25.585986391154538,24.846204836451857,25.384021759033203,25.384021759033203,793674000,0.0,0.0
2015-10-16,25.365871367443383,26.22819369397246,24.986904117488656,26.210039138793945,26.210039138793945,805635600,0.0,0.0
2015-10-23,26.4823543227079,27.387793414247767,25.86738296155998,27.351484298706055,27.351484298706055,1329455200,0.0,0.0
2015-10-30,27.455862446488318,28.098065458048293,27.106395101660418,27.439977645874023,27.439977645874023,846105600,0.13,0.0
2015-11-06,27.60073845310991,27.760266424285202,26.25613934347359,26.37236785888672,26.37236785888672,815140800,0.0,0.0
2015-11-13,26.253859002268534,27.290795996584695,25.296687729610863,27.069734573364258,27.069734573364258,806026000,0.0,0.0
2015-11-20,27.165453615147214,27.329540530118805,26.691426874781534,26.898813247680664,26.898813247680664,523844400,0.0,0.0
2015-11-27,26.95806454957782,27.213311029452516,26.030519417777665,26.25385856628418,26.25385856628418,648140800,0.0,0.0
2015-12-04,26.274374368589335,27.31586870368027,26.22651597220908,26.474924087524414,26.474924087524414,798979200,0.0,0.0
2015-12-11,26.251579120811112,26.29715803911499,24.795310599203788,24.836332321166992,24.836332321166992,1062157200,0.0,0.0
2015-12-18,24.820384445782345,24.95940069578225,24.059203840411588,24.61983299255371,24.61983299255371,892244400,0.0,0.0
2015-12-25,24.519561090240263,24.938894589801354,23.888283980646126,23.98855972290039,23.98855972290039,495046000,0.0,0.0
2016-01-01,23.38462318173698,24.123012507370017,21.976212914317333,21.980770111083984,21.980770111083984,1091968800,0.0,0.0
2016-01-08,22.459360208104005,23.06101110008976,21.818965314655607,22.680419921875,22.680419921875,1181205200,0.0,0.0
2016-01-15,21.92379731443456,22.482148722786924,21.290240851803155,21.94658851623535,21.94658851623535,1029670000,0.0,0.0
2016-01-22,22.477587747612347,23.138492549208028,21.055504168238297,21.442930221557617,21.442930221557617,1526882000,0.0,0.0
2016-01-29,21.602458655496456,22.183597701295163,21.440651231510575,22.01495361328125,22.01495361328125,940612800,0.13,0.0
2016-02-05,22.11608090881438,22.2077351402448,21.215581450216682,21.469921112060547,21.469921112060547,948756000,0.0,0.0
2016-02-12,21.582198342939478,22.65913075316289,21.311819322120623,22.056507110595703,22.056507110595703,693174000,0.0,0.0
2016-02-19,21.996932945618802,22.203154541615813,21.38285183096058,22.17107582092285,22.17107582092285,661744000,0.0,0.0
2016-02-26,22.27189539244176,23.305293529802817,22.12983297652237,23.25717544555664,23.25717544555664,738959200,0.0,0.0
2016-03-04,23.4565251748051,23.772730503001608,22.947845746023315,23.181562423706055,23.181562423706055,696644800,0.0,0.0
2016-03-11,23.426731878429948,24.395972455095276,23.25717268528287,24.24245262145996,24.24245262145996,661104800,0.0,0.0
2016-03-18,24.366187320874534,24.666355017894347,24.033942648387402,24.21266746520996,24.21266746520996,655955200,0.0,0.0
2016-03-25,24.2882820225799,25.301057136416034,24.03165048885303,24.9733943939209,24.9733943939209,488364000,0.0,0.0
2016-04-01,24.925274971049188,25.706625218191654,24.774046962409518,24.870283126831055,24.870283126831055,592059600,0.0,0.0
2016-04-08,24.95506413569823,25.752452012409016,24.78550317782726,25.686002731323242,25.686002731323242,555810800,0.0,0.0
2016-04-15,25.688301505972998,25.73183767558447,24.178302327348888,24.281414031982422,24.281414031982422,809235600,0.0,0.0
2016-04-22,24.061437081397163,24.39826539452908,21.595947041117633,21.728845596313477,21.728845596313477,1258302800,0.0,0.0
2016-04-29,21.53637014571658,21.974018265535488,21.172046808750682,21.364519119262695,21.364519119262695,1001755600,0.1425,0.0
2016-05-06,21.524562104902234,21.616772592352124,20.62549578184735,20.8260555267334,20.8260555267334,861427600,0.0,0.0
2016-05-13,20.747683522985618,21.948743658093214,20.747683522985618,21.71590805053711,21.71590805053711,900296000,0.0,0.0
2016-05-20,21.817344690288063,23.221272380232815,21.78968047533829,23.147502899169922,23.147502899169922,798739200,0.0,0.0
2016-05-27,22.92388583896011,23.161331271896245,22.276095849470867,22.527374267578125,22.527374267578125,592053200,0.0,0.0
2016-06-03,22.543508304990134,23.48868008928776,22.46512726205668,22.972293853759766,22.972293853759766,486625600,0.0,0.0
2016-06-10,22.714100280656194,22.903134641044904,22.146997199490063,22.488182067871094,22.488182067871094,649749200,0.0,0.0
2016-06-17,22.27379573223976,22.336038020638618,21.82656724050327,22.153919219970703,22.153919219970703,769703200,0.0,0.0
2016-06-24,21.418528344522166,22.077842070851773,21.09348042489663,22.038652420043945,22.038652420043945,934453200,0.0,0.0
2016-07-01,22.013289726586475,22.246125313000793,21.755097480711843,22.117029190063477,22.117029190063477,439281600,0.0,0.0
2016-07-08,22.24382095375607,22.82014548081123,22.142389032980322,22.77404022216797,22.77404022216797,566742800,0.0,0.0
2016-07-15,22.80400486881837,23.283507221836135,22.707182785652073,22.92157554626465,22.92157554626465,597555200,0.0,0.0
2016-07-22,22.882395463615964,24.078844296848654,22.227689716093753,24.053485870361328,24.053485870361328,1028604000,0.0,0.0
2016-07-29,24.018900732873053,24.470738935611802,23.901330040900362,24.406190872192383,24.406190872192383,629318000,0.1425,0.0
2016-08-05,24.63111762044584,25.24996799161005,24.610258389675007,25.015871047973633,25.015871047973633,585595200,0.0,0.0
2016-08-12,24.981102439784475,25.548961189321226,24.981102439784475,25.28241539001465,25.28241539001465,502654800,0.0,0.0
2016-08-19,25.21056202205776,25.423799715866018,24.72614551081,24.93242835998535,24.93242835998535,484829200,0.0,0.0
2016-08-26,24.895343379330026,25.02050228280702,24.45264534932554,24.737733840942383,24.737733840942383,535857600,0.0,0.0
2016-09-02,24.96255472092221,25.208241241436554,24.392379572365073,24.457277297973633,24.457277297973633,596196800,0.0,0.0
2016-09-09,24.253315002436135,26.8237408545548,23.764261965770586,26.78665542602539,26.78665542602539,1419593200,0.0,0.0
2016-09-16,26.68235468482737,26.928039449843496,26.061187928468264,26.566465377807617,26.566465377807617,914005600,0.0,0.0
2016-09-23,26.520112556677365,26.605871293285162,25.854908966719744,26.00092887878418,26.00092887878418,689944400,0.0,0.0
2016-09-30,26.065821013514277,26.50156414273734,25.912848057810688,26.39726448059082,26.39726448059082,552200400,0.0,0.0
2016-10-07,26.49461408221911,27.509805592383117,26.309192243047146,27.11346435546875,27.11346435546875,789658400,0.0,0.0
2016-10-14,27.32206409620141,27.39855146802037,26.37640863567198,27.13200569152832,27.13200569152832,511964000,0.0,0.0
2016-10-21,27.07406624951442,27.433323900292045,26.26284089334773,26.53402328491211,26.53402328491211,782226400,0.0,0.0
2016-10-28,26.392629251079228,26.7032117196022,25.391345791343003,25.45624351501465,25.45624351501465,653484800,0.1425,0.0
2016-11-04,25.284088741743705,26.027259346388366,24.655074061842914,25.111692428588867,25.111692428588867,815848400,0.0,0.0
2016-11-11,24.955596989304336,25.708084569465562,24.247372234358302,25.614896774291992,25.614896774291992,816225600,0.0,0.0
2016-11-18,25.561319952851573,26.190334581888223,25.547342402955998,25.913103103637695,25.913103103637695,444341600,0.0,0.0
2016-11-25,25.889804638107197,26.201983543755773,25.400570843640903,25.507736206054688,25.507736206054688,561791600,0.0,0.0
2016-12-02,25.433186678738135,26.192664963014774,25.21885595081531,26.120445251464844,26.120445251464844,576460000,0.0,0.0
2016-12-09,26.16470717953715,27.19442991090025,26.16470717953715,26.9824275970459,26.9824275970459,740268400,0.0,0.0
2016-12-16,27.133861005981043,27.3738184492785,26.940496585250322,27.09192657470703,27.09192657470703,573698400,0.0,0.0
2016-12-23,26.92884540863292,27.49495929940358,26.92884540863292,27.19443130493164,27.19443130493164,273967200,0.0,0.0
2016-12-30,27.175798071616455,27.30392978480072,26.735487389261515,27.166479110717773,27.166479110717773,410719600,0.0,0.0
2017-01-06,27.20607846113853,27.93993005868591,27.133858748944476,27.781511306762695,27.781511306762695,577802800,0.0,0.0
2017-01-13,27.74889306101519,28.07271930751492,27.541551126994772,27.90498161315918,27.90498161315918,439448000,0.0,0.0
2017-01-20,28.061072838956903,28.524681726532023,27.839753335122744,28.4081974029541,28.4081974029541,546297200,0.0,0.0
2017-01-27,28.454785487430264,30.40007477580083,28.100673987215746,29.94345474243164,29.94345474243164,983347200,0.0,0.0
2017-02-03,29.892205404401924,30.856695424542067,29.85726153059295,30.849706649780273,30.849706649780273,563564000,0.1425,0.0
2017-02-10,30.992812039614055,31.884270081436142,30.89687994093344,31.669010162353516,31.669010162353516,538139200,0.0,0.0
2017-02-17,31.61052439478889,32.16739128354308,31.61052439478889,31.945112228393555,31.945112228393555,353322000,0.0,0.0
2017-02-24,31.800043804041746,32.82252951080031,31.652636090625702,32.51367950439453,32.51367950439453,512570000,0.0,0.0
2017-03-03,32.47156137527458,32.75233508112362,32.066779252923624,32.44816207885742,32.44816207885742,404670000,0.0,0.0
2017-03-10,32.58153097770562,32.99567423827192,32.43880384102634,32.918460845947266,32.918460845947266,389069600,0.0,0.0
2017-03-17,32.990997319750136,33.41215970170818,32.69384336550311,32.9722785949707,32.9722785949707,604653600,0.0,0.0
2017-03-24,33.10799280494999,33.80992904816447,32.43413286898972,33.67655944824219,33.67655944824219,518971200,0.0,0.0
2017-03-31,33.62742239898734,34.03454666282125,33.46129593453885,33.61338424682617,33.61338424682617,433622800,0.0,0.0
2017-04-07,33.629754318274635,33.73504400910608,32.771053000255314,33.00269317626953,33.00269317626953,416631600,0.0,0.0
2017-04-14,33.10330930158148,33.440239239752415,32.86231149835156,33.32793045043945,33.32793045043945,287710400,0.0,0.0
2017-04-21,33.327922138149894,33.90350766377556,33.189875580483616,33.64379119873047,33.64379119873047,350456800,0.0,0.0
2017-04-28,33.71398828090259,34.64990303245393,33.52212761335492,34.28489685058594,34.28489685058594,675537600,0.0,0.0
2017-05-05,34.33871161229385,36.23862102239202,34.33871161229385,36.021018981933594,36.021018981933594,673085200,0.1575,0.0
2017-05-12,36.34590555298459,36.804046511663024,35.173535046541794,35.83842468261719,35.83842468261719,651684400,0.0,0.0
2017-05-19,36.035781306975124,36.39289429394845,35.85957296742735,36.150901794433594,36.150901794433594,433038800,0.0,0.0
2017-05-26,36.18144093658966,36.28246531712177,35.76324015282127,35.98878479003906,35.98878479003906,331639200,0.0,0.0
2017-06-02,36.08277843495631,36.64664382745289,35.920666148747145,36.4140510559082,36.4140510559082,488190800,0.0,0.0
2017-06-09,36.46103184184682,36.46103184184682,33.41145371127411,33.9001350402832,33.9001350402832,940208000,0.0,0.0
2017-06-16,33.78032086391822,34.50629852874282,33.40910811338445,34.214969635009766,34.214969635009766,592698800,0.0,0.0
2017-06-23,34.09749689096675,34.837570641936914,33.42790362297005,33.7568244934082,33.7568244934082,557902000,0.0,0.0
2017-06-30,33.9377197900478,34.137423975374155,33.45843476421868,33.53361511230469,33.53361511230469,332001200,0.0,0.0
2017-07-07,33.573557303881856,34.886899380064456,33.573557303881856,34.71773910522461,34.71773910522461,440632000,0.0,0.0
2017-07-14,34.764731251422084,35.650472849500005,34.61436694380127,35.32154846191406,35.32154846191406,399844400,0.0,0.0
2017-07-21,35.23932113076441,36.179098978358944,34.60731995466221,35.37323760986328,35.37323760986328,459428000,0.0,0.0
2017-07-28,35.215829295871934,37.53238209969638,34.80232828601946,36.550315856933594,36.550315856933594,677849200,0.0,0.0
2017-08-04,36.66778933573174,38.021068346687855,36.32946868675059,36.491580963134766,36.491580963134766,582287600,0.1575,0.0
2017-08-11,36.93678703932722,38.330758779750006,36.81177777190069,37.233978271484375,37.233978271484375,533830000,0.0,0.0
2017-08-18,37.23397775865688,37.91327610742701,36.5853432822828,37.566551208496094,37.566551208496094,458476800,0.0,0.0
2017-08-25,37.656170713808244,38.80484562208727,37.56654368782176,38.682193756103516,38.682193756103516,540070800,0.0,0.0
2017-09-01,38.87090225727952,38.90392351025483,37.82365166428177,38.03593063354492,38.03593063354492,358559200,0.0,0.0
2017-09-08,37.941575782651284,38.67276511534392,37.24576866872841,37.333038330078125,37.333038330078125,802297600,0.0,0.0
2017-09-15,37.37785842928202,37.967526160419744,36.0286983725152,36.17965316772461,36.17965316772461,754630800,0.0,0.0
2017-09-22,35.743291812235185,36.493350916144166,35.18193067055335,36.15370178222656,36.15370178222656,700809600,0.0,0.0
2017-09-29,36.13719021993087,36.66317270321745,35.85178952238979,36.6513786315918,36.6513786315918,410706000,0.0,0.0
2017-10-06,36.55232238853858,37.26699936695588,36.45561602008111,36.795265197753906,36.795265197753906,329272800,0.0,0.0
2017-10-13,36.96744672861424,37.94393630345848,36.56411603413839,36.79054641723633,36.79054641723633,473885600,0.0,0.0
2017-10-20,36.93913995458844,37.22689805216004,36.62307896186084,37.12783432006836,37.12783432006836,407692800,0.0,0.0
2017-10-27,37.571276603902795,40.08326390173709,37.43211584967789,39.65162658691406,39.65162658691406,800932000,0.0,0.0
2017-11-03,41.04087881356932,41.56922245717091,40.361580357373946,41.484310150146484,41.484310150146484,690714000,0.0,0.0
2017-11-10,41.30268686324206,41.36637198618376,39.71530233262336,40.35686111450195,40.35686111450195,478822800,0.1575,0.0
2017-11-17,40.487734815330306,41.42512786953701,40.137397602417884,41.4156608581543,41.4156608581543,355528400,0.0,0.0
2017-11-24,41.44879762094217,41.54348217540868,39.56927995770991,40.679473876953125,40.679473876953125,577463600,0.0,0.0
2017-12-01,40.22970964449543,40.86173820005179,39.4035766859065,40.08058166503906,40.08058166503906,615540800,0.0,0.0
2017-12-08,40.3575433700767,41.07952126125505,39.95512496334098,40.767059326171875,40.767059326171875,489332400,0.0,0.0
2017-12-15,41.10082977999374,41.94590051702554,40.82387364204292,41.427494049072266,41.427494049072266,565809200,0.0,0.0
2017-12-22,41.34937957979646,41.52455000177357,40.16580443342741,40.49720764160156,40.49720764160156,350053200,0.0,0.0
2017-12-29,40.364647845741196,41.318609125763025,40.056917584963415,40.95880126953125,40.95880126953125,414033200,0.0,0.0
2018-01-05,41.055843198584824,41.56951422782465,40.95168803837331,41.491397857666016,41.491397857666016,433757600,0.0,0.0
2018-01-12,41.704442529573626,42.63236840940356,41.441692375030854,42.43352508544922,42.43352508544922,482256800,0.0,0.0
2018-01-19,42.27967340655273,42.50928728413596,40.36701545137694,40.504310607910156,40.504310607910156,739427600,0.0,0.0
2018-01-26,40.71497913261905,40.71497913261905,38.986958947035475,39.716041564941406,39.716041564941406,862165200,0.0,0.0
2018-02-02,39.29468892820648,39.48406164543805,36.45410900568553,36.7263298034668,36.7263298034668,1334300800,0.0,0.0
2018-02-09,37.18083045250568,40.97300252606295,35.56406640953622,40.94933319091797,40.94933319091797,1023333600,0.1575,0.0
2018-02-16,40.96654563748946,41.551240328573826,40.64567602473291,40.999820709228516,40.999820709228516,570280400,0.0,0.0
2018-02-23,41.27790963559544,42.92978588953614,41.03785399889839,41.594024658203125,41.594024658203125,789947200,0.0,0.0
2018-03-02,41.07112679187927,42.36648276250136,40.98793729649994,42.05512237548828,42.05512237548828,584486000,0.0,0.0
2018-03-09,42.29755543113684,43.61430169022804,42.16207602294003,42.461551666259766,42.461551666259766,592792000,0.0,0.0
2018-03-16,42.46155620729347,42.57326616493246,40.072873665266506,40.132293701171875,40.132293701171875,684186400,0.0,0.0
2018-03-23,40.02295284398268,41.62966905250658,39.202957204860006,39.877967834472656,39.877967834472656,798238400,0.0,0.0
2018-03-30,39.60701463626509,41.41100585773113,39.09124921648062,41.07112503051758,41.07112503051758,517614000,0.0,0.0
2018-04-06,40.63617233889876,41.59402297791033,39.97779735971219,41.389617919921875,41.389617919921875,551010000,0.0,0.0
2018-04-13,41.541730647702025,42.530480806940915,41.03784995913506,41.07112503051758,41.07112503051758,515485600,0.0,0.0
2018-04-20,40.548230169356756,40.69559068410575,38.318789469646646,39.031829833984375,39.031829833984375,768174800,0.0,0.0
2018-04-27,38.9795498238843,42.2476523243624,38.17856877158761,42.04324722290039,42.04324722290039,929040800,0.0,0.0
2018-05-04,42.36647373278539,45.2471551059905,42.347458891416785,45.16872024536133,45.16872024536133,713024000,0.0,0.0
2018-05-11,45.03800597787015,45.173481756570716,43.99459042548121,44.44380569458008,44.44380569458008,428653200,0.1825,0.0
2018-05-18,44.66290179865668,45.15918320423281,44.3217067395188,44.89195251464844,44.89195251464844,380926400,0.0,0.0
2018-05-25,44.91103554801221,45.249842272185575,44.412369543885596,44.586544036865234,44.586544036865234,344593600,0.0,0.0
2018-06-01,44.85378489609513,46.33546803239777,44.79652039027195,46.15890884399414,46.15890884399414,454222000,0.0,0.0
2018-06-08,45.61251817615979,46.02052002302225,45.278484344169726,45.52423858642578,45.52423858642578,420499600,0.0,0.0
2018-06-15,45.340518242832715,45.371536970395105,43.77055194816729,44.2501335144043,44.2501335144043,640492800,0.0,0.0
2018-06-22,44.40759898774637,44.68437192350127,43.1215634315505,44.25967025756836,44.25967025756836,504332800,0.0,0.0
2018-06-29,44.44816399303776,44.84423526718909,43.64170987033775,44.23581314086914,44.23581314086914,284112000,0.0,0.0
2018-07-06,44.2405857940063,45.66978088916231,44.1880942452229,45.5791130065918,45.5791130065918,360214000,0.0,0.0
2018-07-13,45.591047158136575,45.9656419959375,45.14248430253427,45.781925201416016,45.781925201416016,319086800,0.0,0.0
2018-07-20,45.75806078192565,46.75539657479482,45.22837597934211,46.337852478027344,46.337852478027344,364597600,0.0,0.0
2018-07-27,46.52394784757308,49.718755867130156,45.11145654899011,49.4825439453125,49.4825439453125,859064800,0.0,0.0
2018-08-03,49.39666465257579,50.05280544664204,48.79778836573315,49.838069915771484,49.838069915771484,521913200,0.0,0.0
2018-08-10,49.47540044347893,51.014348075298955,49.310768175948695,50.897438049316406,50.897438049316406,514232400,0.1825,0.0
2018-08-17,51.104673116107634,52.47901869923192,51.037632046368124,51.59551239013672,51.59551239013672,519103200,0.0,0.0
2018-08-24,51.861288839248765,54.65308020308599,51.50453166900141,53.87971115112305,53.87971115112305,551307600,0.0,0.0
2018-08-31,54.23405618319952,54.99066657702823,52.98661025965918,53.4175910949707,53.4175910949707,553412800,0.0,0.0
2018-09-07,53.1183016132051,54.67461872380608,51.83014874332234,54.21011734008789,54.21011734008789,815481600,0.0,0.0
2018-09-14,54.052092670843585,54.31307421266659,51.55001425021714,52.682533264160156,52.682533264160156,617994800,0.0,0.0
2018-09-21,52.86210920735873,54.21730321657498,51.868461993939135,53.86054611206055,53.86054611206055,810641600,0.0,0.0
2018-09-28,53.82223860589267,55.90052265815837,53.63787749705536,54.58842849731445,54.58842849731445,528060800,0.0,0.0
2018-10-05,54.581236339217945,54.688980632341966,50.83649832425939,51.34648895263672,51.34648895263672,741001600,0.0,0.0
2018-10-12,52.77590609412176,53.39125164502868,50.99931082220516,51.7224006652832,51.7224006652832,623118400,0.0,0.0
2018-10-19,52.21084884542449,53.688152547992814,51.36804221852208,52.627464294433594,52.627464294433594,685679600,0.0,0.0
2018-10-26,51.69366186162767,53.240403001651075,49.3448211437327,53.20688247680664,53.20688247680664,906144000,0.0,0.0
2018-11-02,50.173278232721806,51.15495314757861,47.448524508265606,49.91947937011719,49.91947937011719,992649200,0.1825,0.0
2018-11-09,49.38726185878148,49.49778347448306,44.67318462344145,45.98986053466797,45.98986053466797,958656000,0.0,0.0
2018-11-16,45.77120015106875,46.845201833737114,42.16957001094679,42.47471237182617,42.47471237182617,711212000,0.0,0.0
2018-11-23,42.032630752645666,43.92114395008392,40.90817069383703,43.1402702331543,43.1402702331543,791369600,0.0,0.0
2018-11-30,43.31807008579569,44.43532245691339,40.946617669386534,41.979774475097656,41.979774475097656,659106800,0.0,0.0
2018-12-07,41.684240413907624,41.92450924262439,39.243108234254564,41.07395553588867,41.07395553588867,876462400,0.0,0.0
2018-12-14,40.605441680301766,40.62466363110181,37.313758679697266,37.68136978149414,37.68136978149414,930613600,0.0,0.0
2018-12-21,37.68857882532623,38.00092912048558,35.221016259643456,37.51798629760742,37.51798629760742,978453600,0.0,0.0
2018-12-28,37.84234123948711,38.28924141601142,34.11817432385505,34.16382598876953,34.16382598876953,822587200,0.0,0.0
2019-01-04,34.726049619262724,37.128737636460514,34.55065442054636,36.95334243774414,36.95334243774414,941160000,0.0,0.0
2019-01-11,36.73229933223519,37.88078402847418,35.85291454822285,37.448299407958984,37.448299407958984,594256800,0.0,0.0
2019-01-18,37.84234772712488,37.933651072606764,36.44878752202644,36.689056396484375,36.689056396484375,450868400,0.0,0.0
2019-01-25,37.357000551779066,40.60543649817214,36.91971314207503,39.99034881591797,39.99034881591797,812656800,0.0,0.0
2019-02-01,40.11528713476157,42.18400199356397,39.86780685667638,41.071556091308594,41.071556091308594,640986000,0.0,0.0
2019-02-08,40.60303585673783,41.44157182939762,40.46608084714235,41.03792190551758,41.03792190551758,445691200,0.1825,0.0
2019-02-15,41.32250074104052,41.821992006377684,40.89781534359261,41.27665328979492,41.27665328979492,347854800,0.0,0.0
2019-02-22,41.40213354791547,42.43730590516383,41.35387442522091,41.78097152709961,41.78097152709961,455630400,0.0,0.0
2019-03-01,42.05364657283788,42.890955535225245,41.508311417267954,41.6241340637207,41.6241340637207,474666400,0.0,0.0
2019-03-08,41.098102234493965,44.423206592578474,40.90023502339396,44.33392333984375,44.33392333984375,572360000,0.0,0.0
2019-03-15,44.604174712358315,47.3742894985138,44.33633235628493,47.075077056884766,47.075077056884766,715914000,0.0,0.0
2019-03-22,47.13540212559648,47.70245692626932,44.53902310718169,45.538002014160156,45.538002014160156,746729200,0.0,0.0
2019-03-29,45.805849747939035,47.415315749091214,45.45596647498167,47.21986389160156,47.21986389160156,466311200,0.0,0.0
2019-04-05,47.403244394701694,48.94756204717631,47.27776773399068,48.006492614746094,48.006492614746094,491090400,0.0,0.0
2019-04-12,48.06681717587146,49.2612479086897,47.34533466505252,49.1912727355957,49.1912727355957,496385200,0.0,0.0
2019-04-19,48.94273396697819,50.30607344188001,48.82449599292215,49.53391647338867,49.53391647338867,315385200,0.0,0.0
2019-04-26,49.44222471749545,51.95415129486756,48.045103401277196,50.46774673461914,50.46774673461914,736849200,0.0,0.0
2019-05-03,50.88761510173534,51.116848726799994,47.45392669745774,48.43360137939453,48.43360137939453,613389200,0.0,0.0
2019-05-10,47.63730486110269,47.98236475657805,44.12157615944018,45.86616897583008,45.86616897583008,778980400,0.1925,0.0
2019-05-17,45.27977855379073,46.24142613938445,43.070655483668205,43.51877975463867,43.51877975463867,664538000,0.0,0.0
2019-05-24,43.64958288326153,44.119506849931824,42.63222373783159,43.18935012817383,43.18935012817383,405450000,0.0,0.0
2019-05-31,42.68794144195788,44.92613484250348,41.244261180952314,44.865577697753906,44.865577697753906,602829600,0.0,0.0
2019-06-07,45.17804896449893,47.66815835211698,44.99880218938512,47.0286750793457,47.0286750793457,495064000,0.0,0.0
2019-06-14,46.39888206484795,48.59347225817421,46.09609636055649,48.314910888671875,48.314910888671875,410479200,0.0,0.0
2019-06-21,48.15504075744731,48.82601493547049,47.304816105897864,48.38273620605469,48.38273620605469,536234000,0.0,0.0
2019-06-28,48.12597035575182,49.533321447576114,47.731140301303675,49.51394271850586,49.51394271850586,346643200,0.0,0.0
2019-07-05,49.257173145230276,49.67622746799495,48.06056361343444,48.869606018066406,48.869606018066406,405084000,0.0,0.0
2019-07-12,49.03916762321516,49.92572497462697,48.978610487672505,49.81672286987305,49.81672286987305,336230000,0.0,0.0
2019-07-19,49.84820873621989,50.683900141289726,49.01736663289022,50.14615249633789,50.14615249633789,361854400,0.0,0.0
2019-07-26,50.25757740842938,53.62213174573042,50.078330650903794,50.487693786621094,50.487693786621094,786109200,0.0,0.0
2019-08-02,49.7852278531436,50.00323204459512,46.64836923106933,49.276546478271484,49.276546478271484,757815200,0.0,0.0
2019-08-09,48.76060254353257,51.38635885248468,48.23980900008543,48.867183685302734,48.867183685302734,632379600,0.1925,0.0
2019-08-16,49.670456295467396,52.14084997510422,49.56347018734929,51.65941619873047,51.65941619873047,490829600,0.0,0.0
2019-08-23,50.922671101515554,51.55972372685254,48.872927705489374,50.82054901123047,50.82054901123047,542656800,0.0,0.0
2019-08-30,51.10016805459381,52.02656466736107,49.65586315493948,51.85879135131836,51.85879135131836,337072800,0.0,0.0
2019-09-06,52.04601913523701,55.05376962994853,51.32143650292132,54.244083404541016,54.244083404541016,619863600,0.0,0.0
2019-09-13,53.49275646052178,54.40699496255394,52.76817379821886,53.72618103027344,53.72618103027344,506562800,0.0,0.0
2019-09-20,53.82830808168485,54.11522202099797,52.79735534467102,53.46601486206055,53.46601486206055,586025200,0.0,0.0
2019-09-27,53.62405357059653,55.491438940340714,52.30862091988648,53.692138671875,53.692138671875,597416000,0.0,0.0
2019-10-04,54.86410577235412,56.031220981765635,54.43859528945512,55.94611740112305,55.94611740112305,560388800,0.0,0.0
2019-10-11,56.641535282440366,57.901048508596254,56.48592013548002,57.208072662353516,57.208072662353516,492071600,0.0,0.0
2019-10-18,57.04029417806922,59.52284584527763,56.96734877292101,59.22620391845703,59.22620391845703,412078400,0.0,0.0
2019-10-25,59.12408618778213,60.726436515100076,57.689505481450915,60.4857177734375,60.4857177734375,576573600,0.0,0.0
2019-11-01,60.67537017105457,63.30381269287697,60.582976119122605,63.08011245727539,63.08011245727539,505099600,0.1925,0.0
2019-11-08,63.089028347880415,64.59863921731392,62.64029209976247,64.05235290527344,64.05235290527344,431113600,0.0,0.0
2019-11-15,64.30597807015036,65.35953656518446,63.50605568153388,63.898704528808594,63.898704528808594,490706400,0.0,0.0
2019-11-22,64.04016185021672,65.3546727427673,63.61337375927332,65.32052612304688,65.32052612304688,319788800,0.0,0.0
2019-11-29,65.01810935950999,65.42050801347885,62.50371876155685,64.76934814453125,64.76934814453125,397141200,0.0,0.0
2019-12-06,65.23272829059289,66.47162977921815,64.60595775597464,66.20336151123047,66.20336151123047,540605600,0.0,0.0
2019-12-13,66.2033595736923,68.74945571063637,66.07410406325288,68.29096221923828,68.29096221923828,590329600,0.0,0.0
2019-12-20,68.82994606033728,70.72000757471484,67.93490720394895,70.70293426513672,70.70293426513672,516150000,0.0,0.0
2019-12-27,70.9980260802247,73.31000079352877,69.55914202017536,73.24903106689453,73.24903106689453,526666400,0.0,0.0
2020-01-03,72.46861836972819,75.70733007511217,71.39555262830827,75.5122299194336,75.5122299194336,675769600,0.0,0.0
2020-01-10,75.74876951212849,77.44860533180434,75.175652747192,76.88036346435547,76.88036346435547,654884000,0.0,0.0
2020-01-17,77.13155265644421,78.0387821755381,76.82182923062494,77.85343933105469,77.85343933105469,454964000,0.0,0.0
2020-01-24,78.10221363515838,79.95569466661907,74.35379632926012,78.98505401611328,78.98505401611328,813684000,0.0,0.0
2020-01-31,78.2680426240292,79.31428504235814,73.70507112830903,79.31184387207031,79.31184387207031,734245600,0.0,0.0
2020-02-07,78.6192380056316,79.80205213212142,76.54139250444675,79.22893524169922,79.22893524169922,529834000,0.1925,0.0
2020-02-14,79.38518982535187,79.68832244141844,76.90883217080673,78.29979705810547,78.29979705810547,427194800,0.0,0.0
2020-02-21,77.88911078351579,78.33647254998039,66.72717136315475,66.86406707763672,66.86406707763672,1101083200,0.0,0.0
2020-02-28,62.88918972500912,74.31514013320758,62.67161879303793,71.60655212402344,71.60655212402344,1494134000,0.0,0.0
2020-03-06,68.93706085953646,71.09317923432803,60.62550033037249,60.681724548339844,60.681724548339844,1472284400,0.0,0.0
2020-03-13,64.75440428633847,68.42860325027252,57.965809124861,59.838356018066406,59.838356018066406,1589302400,0.0,0.0
2020-03-20,60.42504333555882,63.236306459392594,51.97414386731806,63.17763900756836,63.17763900756836,1581666400,0.0,0.0
2020-03-27,61.78667996310305,64.16769543077892,57.9120241588255,59.87501907348633,59.87501907348633,911347600,0.0,0.0
2020-04-03,59.35432851660144,66.41915807168687,58.418055106212954,65.51221466064453,65.51221466064453,865317600,0.0,0.0
2020-04-10,65.59043906696135,70.46492576901763,64.98418133909333,70.08357238769531,70.08357238769531,614297200,0.0,0.0
2020-04-17,69.59466232028977,70.14713910251047,64.88640469118658,67.23320007324219,67.23320007324219,767933600,0.0,0.0
2020-04-24,67.76367860944835,72.0001273420407,67.71478408449028,71.82167053222656,71.82167053222656,675598400,0.0,0.0
2020-05-01,69.97600212605265,74.6011441342416,69.87822055836428,74.2515640258789,74.2515640258789,779484800,0.0,0.0
2020-05-08,74.71604258493802,78.15066971471616,73.71131772567277,75.66942596435547,75.66942596435547,801637600,0.205,0.0
2020-05-15,73.6216213745959,78.65637649826994,73.58730106420906,77.66609191894531,77.66609191894531,617450000,0.0,0.0
2020-05-22,77.40134803853923,79.47750959657162,76.74442986057426,78.00924682617188,78.00924682617188,453831200,0.0,0.0
2020-05-29,78.25437852248797,79.9579615639443,77.57294680199571,79.00689697265625,79.00689697265625,514018000,0.0,0.0
2020-06-05,79.25937113546955,86.96101962638977,79.22995800001854,82.33561706542969,82.33561706542969,748931200,0.0,0.0
2020-06-12,84.49756888828182,87.1154425644611,81.52181546397053,86.21585845947266,86.21585845947266,715610400,0.0,0.0
2020-06-19,86.92916833627282,91.27758513547852,84.60297958884945,89.42938232421875,89.42938232421875,942222400,0.0,0.0
2020-06-26,89.32397519507349,90.8093983891852,86.10555578101423,89.25043487548828,89.25043487548828,700904800,0.0,0.0
2020-07-03,90.69419520636356,94.43716646151216,90.66232848144578,93.8832015991211,93.8832015991211,473814800,0.0,0.0
2020-07-10,93.47383586677594,98.00364530281966,92.04479298327362,94.63815307617188,94.63815307617188,716671200,0.0,0.0
2020-07-17,95.0940782398511,97.31240591139401,90.21374988200594,91.0324478149414,91.0324478149414,571944000,0.0,0.0
2020-07-24,89.21122902450874,94.41756387743708,87.4046923497811,94.31216430664062,94.31216430664062,658737600,0.0,0.0
2020-07-31,100.87644868946617,112.1789016097421,98.85665957218573,111.6788558959961,111.6788558959961,1179765200,0.0,0.0
2020-08-07,110.99496997023242,113.77707669309119,106.97745936052024,112.76473236083984,112.76473236083984,974031600,0.205,0.0
2020-08-14,112.79125155753633,116.29050112007579,111.03793975858403,116.17508697509766,116.17508697509766,663205600,0.0,0.0
2020-08-21,117.14505097637726,126.49849034720462,117.13277590519948,122.79051208496094,122.79051208496094,1214062800,0.0,0.0
2020-08-28,123.77520008740666,135.53022115140223,118.36057511548705,118.73382568359375,118.73382568359375,1022999400,0.0,4.0
2020-09-04,117.93822170305637,121.50377031589233,108.92120734495093,111.47504425048828,111.47504425048828,923188700,0.0,0.0
2020-09-11,112.5358759210908,116.72024419466487,106.77991621662524,108.38097381591797,108.38097381591797,838342400,0.0,0.0
2020-09-18,108.4399023152499,110.85622529286586,101.2695073252817,106.2986068725586,106.2986068725586,984336100,0.0,0.0
2020-09-25,106.50488052205323,115.62994217264124,105.75837183914338,114.7164535522461,114.7164535522461,645831600,0.0,0.0
2020-10-02,110.88569943209873,114.57894479480827,110.22759671278436,112.92877197265625,112.92877197265625,592780200,0.0,0.0
2020-10-09,113.23325559933816,123.16375781432427,112.87964663369358,118.56684875488281,118.56684875488281,866335400,0.0,0.0
2020-10-16,119.12674813446051,119.39195864966851,112.55552250881865,113.69493103027344,113.69493103027344,552390800,0.0,0.0
2020-10-23,114.32355489152862,115.19775280036501,109.12747521789719,113.27255249023438,113.27255249023438,576767100,0.0,0.0
2020-10-30,109.08818875279044,117.49621578502115,105.41459248170577,116.91668701171875,116.91668701171875,685386500,0.0,0.0
2020-11-06,116.21928509201582,119.82412421121748,112.10367412573775,117.0934829711914,117.0934829711914,622453900,0.205,0.0
2020-11-13,117.52181240017707,119.04691510885687,114.93404503470781,116.73465728759766,116.73465728759766,397471000,0.0,0.0
2020-11-20,116.73464912061577,116.86255862704245,110.78180870373336,114.16656494140625,114.16656494140625,391937000,0.0,0.0
2020-11-27,114.69790511509349,121.79211282750438,114.35352755757214,120.96560668945312,120.96560668945312,511801500,0.0,0.0
2020-12-04,120.63104406804021,123.92724160955055,118.22039403942416,121.2607650756836,121.2607650756836,443599300,0.0,0.0
2020-12-11,120.46378606876814,127.49895924574992,118.61398139359785,126.63308715820312,126.63308715820312,515936400,0.0,0.0
2020-12-18,126.88891650854248,132.2513868228601,121.46739717919785,129.85057067871094,129.85057067871094,625851700,0.0,0.0
2020-12-25,131.83813078644252,136.5610309467461,129.60458270159108,130.5590057373047,130.5590057373047,441102200,0.0,0.0
2021-01-01,131.37569426720623,131.46424527824246,124.35035462382692,128.81744384765625,128.81744384765625,505633000,0.0,0.0
2021-01-08,130.30318785365978,130.49998789615185,124.82264898342083,126.83972930908203,126.83972930908203,476352400,0.0,0.0
2021-01-15,126.71181765063567,137.42692581926926,124.90137128742204,134.67189025878906,134.67189025878906,426826200,0.0,0.0
2021-01-22,134.09134715320263,142.75985648421187,132.85158811049172,134.88833618164062,134.88833618164062,653926600,0.0,0.0
2021-01-29,133.6485734417129,135.19335145121678,128.11883538652444,135.1835174560547,135.1835174560547,541133000,0.0,0.0
2021-02-05,135.1441562085217,135.6656431734778,131.62164943616517,132.95980834960938,132.95980834960938,361091800,0.205,0.0
2021-02-12,132.38989243231103,134.02566225866394,125.55114189299337,127.81758880615234,127.81758880615234,335496600,0.0,0.0
2021-02-19,128.33985366884443,128.80299775165378,116.66273461820117,119.22480010986328,119.22480010986328,609097600,0.0,0.0
2021-02-26,120.80146634571099,126.84203736024195,116.88939308084768,118.37735748291016,118.37735748291016,674250500,0.0,0.0
2021-03-05,119.2149584114475,121.41241948385239,114.51454639966963,120.18065643310547,120.18065643310547,652638800,0.0,0.0
2021-03-12,118.64340662529345,125.36390485388765,117.42149990684477,118.7715072631836,118.7715072631836,528899100,0.0,0.0
2021-03-19,118.15071460117281,122.42739235065201,117.26384369148572,118.83064270019531,118.83064270019531,580304100,0.0,0.0
2021-03-26,118.59414334856382,122.36826708712815,117.125883917859,121.20548248291016,121.20548248291016,453975200,0.0,0.0
2021-04-02,122.06277352397086,128.4876452118148,121.2744422963937,128.4580841064453,128.4580841064453,341133800,0.0,0.0
2021-04-09,127.90629312253408,133.03042500435643,127.58110583484948,132.5377197265625,132.5377197265625,465943100,0.0,0.0
2021-04-16,132.34062974631277,133.55268041994574,129.3843983225061,130.0150604248047,130.0150604248047,427412500,0.0,0.0
2021-04-23,130.23185869819275,135.07022798854385,130.23185869819275,131.5325927734375,131.5325927734375,470439500,0.0,0.0
2021-04-30,129.8573755921517,132.11397372906015,124.8514891761949,127.8471450805664,127.8471450805664,484668500,0.0,0.0
2021-05-07,128.94096196776442,129.344968820297,120.46642617722955,123.14674377441406,123.14674377441406,511220900,0.22,0.0
2021-05-14,124.61938828087582,126.23820587072927,121.2731732297033,125.66569519042969,125.66569519042969,388974600,0.0,0.0
2021-05-21,126.16910585623776,126.66265550161896,123.46449717727371,123.66191101074219,123.66191101074219,365599300,0.0,0.0
2021-05-28,123.94817692378196,124.17520962942466,121.53968878937968,121.94439697265625,121.94439697265625,274456300,0.0,0.0
2021-06-04,122.46753329236125,126.8008397490451,122.25037356892213,124.48118591308594,124.48118591308594,348695000,0.0,0.0
2021-06-11,124.8957424413735,130.83799258254928,124.47129600271809,130.08779907226562,130.08779907226562,401711900,0.0,0.0
2021-06-18,129.0217955665727,132.90102963854972,127.54116911558098,131.68692016601562,131.68692016601562,392325400,0.0,0.0
2021-06-25,131.73628142185086,135.63526151634997,131.09466756977406,135.4970703125,135.4970703125,313198300,0.0,0.0
2021-07-02,136.11892695307884,143.01865203819995,135.97087032405324,141.3899688720703,141.3899688720703,397521500,0.0,0.0
2021-07-09,140.90629702536845,148.06265887078996,140.80758256143625,146.56228637695312,146.56228637695312,510888700,0.0,0.0
2021-07-16,146.5425091100827,147.82570636441994,139.8401997738754,144.90394592285156,144.90394592285156,463367700,0.0,0.0
2021-07-23,145.64426061997005,147.8948111422133,140.69895968522644,143.75892639160156,143.75892639160156,424330800,0.0,0.0
2021-07-30,142.5152203519619,146.12793704502604,142.2487034030466,145.1605987548828,145.1605987548828,300873200,0.0,0.0
2021-08-06,144.45977750153966,147.12490180718552,143.42333608775806,146.9669647216797,146.9669647216797,292834700,0.22,0.0
2021-08-13,147.26624396440783,149.94524147729456,142.8473657681594,145.02220153808594,145.02220153808594,428187000,0.0,0.0
2021-08-20,145.75373758505643,149.13462138459332,145.10128235595064,145.8525848388672,145.8525848388672,276876300,0.0,0.0
2021-08-27,145.793282890119,153.20750619736657,145.15072290386792,151.89271545410156,151.89271545410156,384641400,0.0,0.0
2021-09-03,152.00147036298452,155.4614415211312,151.3391348371097,152.3079376220703,152.3079376220703,271812900,0.0,0.0
2021-09-10,153.2272704384869,153.7017764717317,144.69596661871805,147.08828735351562,147.08828735351562,503909200,0.0,0.0
2021-09-17,147.11797237916542,147.11797237916542,139.65431772410778,145.15072631835938,145.15072631835938,470424200,0.0,0.0
2021-09-24,143.9941096040009,145.7834064616318,139.66419825356044,139.88168334960938,139.88168334960938,400259600,0.0,0.0
2021-10-01,140.2770821304468,142.570555505788,136.6886087370422,141.65118408203125,141.65118408203125,418776500,0.0,0.0
2021-10-08,142.38273044776363,143.15380839599294,137.60796925494387,142.11581420898438,142.11581420898438,344931100,0.0,0.0
2021-10-15,142.12572908908524,148.03733253534668,141.52270496086234,147.77041625976562,147.77041625976562,349748200,0.0,0.0
2021-10-22,147.97802177435335,151.4182173461719,145.93168879352376,150.82508850097656,150.82508850097656,326670200,0.0,0.0
2021-10-29,145.5362586209657,150.68666384805547,144.73552493537684,149.23348999023438,149.23348999023438,383569600,0.0,0.0
2021-11-05,150.15286122610692,150.4593133992783,145.9910035896037,146.1788330078125,146.1788330078125,283459800,0.22,0.0
2021-11-12,146.94654894060693,157.08421344646013,146.00604648196148,156.29220581054688,156.29220581054688,408917700,0.0,0.0
2021-11-19,156.07442979500178,164.04398060244486,154.9656279805025,160.32156372070312,160.32156372070312,400279000,0.0,0.0
2021-11-26,157.97524024153623,168.5979987490579,154.7973148262057,162.12335205078125,162.12335205078125,628547800,0.0,0.0
2021-12-03,162.38077401540076,174.9835450531138,158.1237455699366,172.8154296875,172.8154296875,571848100,0.0,0.0
2021-12-10,173.45892026453282,180.3097584850806,169.04348781595485,170.53839111328125,170.53839111328125,689269200,0.0,0.0
2021-12-17,168.23169091077588,175.0825448521057,165.7863902998855,174.5182342529297,174.5182342529297,554609600,0.0,0.0
2021-12-24,175.320144947318,179.51777549117213,175.3003557054253,176.41905212402344,176.41905212402344,276185800,0.0,0.0
2021-12-31,176.3101378483048,181.11167225371614,169.92460314983632,170.281005859375,170.281005859375,459302200,0.0,0.0
2022-01-07,171.16213263185216,175.40925162325163,166.4893032153876,170.46913146972656,170.46913146972656,428924000,0.0,0.0
2022-01-14,169.62761777211563,172.04323473453036,162.53917146417876,162.86587524414062,162.86587524414062,357633000,0.0,0.0
2022-01-21,162.77675023297908,164.6676649180151,153.15389274248753,157.62872314453125,157.62872314453125,631171800,0.0,0.0
2022-01-28,164.05389729393372,174.47865903585367,161.1729762718678,171.17202758789062,171.17202758789062,556023600,0.0,0.0
2022-02-04,169.96420577770985,174.8845363125924,168.97419987702995,170.39981079101562,170.39981079101562,396696700,0.22,0.0
2022-02-11,170.82509684547742,171.826271380442,165.1054802484309,167.4052276611328,167.4052276611328,378150300,0.0,0.0
2022-02-18,168.3370220340176,169.0507205825256,150.67263128966766,161.31884765625,161.31884765625,405092200,0.0,0.0
2022-02-25,162.40922270619453,167.43495492693344,159.4651577619054,164.77835083007812,164.77835083007812,426908400,0.0,0.0
2022-03-04,163.05356339388985,164.10430431033242,154.43944814886495,157.1356964111328,157.1356964111328,508101200,0.0,0.0
2022-03-11,157.54210206267007,159.59403259920398,148.78922526226825,159.21734619140625,159.21734619140625,476582100,0.0,0.0
2022-03-18,159.10829972040636,172.61927708196112,158.3648492881953,172.54989624023438,172.54989624023438,489049200,0.0,0.0
2022-03-25,172.36156890056415,178.04152649003964,170.49798147220704,173.08518981933594,173.08518981933594,467190000,0.0,0.0
2022-04-01,172.51022839865607,176.93128673495193,168.3667387919118,170.63673400878906,170.63673400878906,395275000,0.0,0.0
2022-04-08,170.27988753529564,170.27988753529564,163.59874080390114,163.8465576171875,163.8465576171875,374035700,0.0,0.0
2022-04-15,162.48850696699145,170.03205046995973,162.14157254503567,164.9666748046875,164.9666748046875,291905300,0.0,0.0
2022-04-22,165.0063488510195,166.40402414220273,154.02310618812805,162.21096801757812,162.21096801757812,494832000,0.0,0.0
2022-04-29,160.42668753313723,165.0261669515806,151.93153509645697,155.40097045898438,155.40097045898438,582551200,0.0,0.0
2022-05-06,154.64757220273597,158.0476261633441,137.58787417139578,141.31503295898438,141.31503295898438,688361000,0.23,0.0
2022-05-13,143.53791082311423,148.68022727520014,135.60605844890728,136.35060119628906,136.35060119628906,524809500,0.0,0.0
2022-05-20,138.07791915069197,143.28971794735105,131.64507459161692,142.73379516601562,142.73379516601562,542369300,0.0,0.0
2022-05-27,144.33209729837503,150.6358988158482,144.20303837084128,150.10975646972656,150.10975646972656,341331600,0.0,0.0
2022-06-03,145.8310937258244,148.7794840891853,141.49289635350158,141.6020965576172,141.6020965576172,351400100,0.0,0.0
2022-06-10,139.25926885819175,139.7357719566649,128.10104986360264,129.11363220214844,129.11363220214844,498086200,0.0,0.0
2022-06-17,129.12357000880218,137.5815644420526,128.8654521700681,137.26390075683594,137.26390075683594,361363800,0.0,0.0
2022-06-24,138.8820433908891,142.44593308421375,132.7966572429865,135.72518920898438,135.72518920898438,391615000,0.0,0.0
2022-07-01,135.05011704221096,145.48365217167145,134.67289236026573,145.2851104736328,145.2851104736328,284723400,0.0,0.0
2022-07-08,144.20301450029146,147.86616674926924,141.08586322231127,147.38966369628906,147.38966369628906,354604500,0.0,0.0
2022-07-15,148.690141940858,154.4380201582413,145.632551386912,154.21961975097656,154.21961975097656,370573200,0.0,0.0
2022-07-22,154.2593330345058,156.49296132906102,149.70273494907585,156.205078125,156.205078125,335437400,0.0,0.0
2022-07-29,160.06677615558255,165.97347918953315,158.3394314502043,164.603515625,164.603515625,367504900,0.0,0.0
2022-08-05,162.02242808596645,169.74581660918028,161.81394946152298,167.26400756835938,167.26400756835938,307429100,0.23,0.0
2022-08-12,168.81851945134474,175.1111758827897,168.40098298943406,173.1229705810547,173.1229705810547,320340300,0.0,0.0
2022-08-19,172.00957531942396,172.71539485469432,165.2695607617136,169.0272674560547,169.0272674560547,298579900,0.0,0.0
2022-08-26,169.56410885223858,170.04127391232055,153.7578664450861,157.02847290039062,157.02847290039062,392402200,0.0,0.0
2022-09-02,158.80789915448372,159.41430238085545,151.77958610180144,153.54910278320312,153.54910278320312,323046000,0.0,0.0
2022-09-09,154.55311352087892,163.29126763120732,150.48723802498415,151.4713897705078,151.4713897705078,474087900,0.0,0.0
2022-09-16,150.31825766585916,157.80384887327062,147.49499481281563,151.8392333984375,151.8392333984375,539792100,0.0,0.0
2022-09-23,150.2983968560083,153.8075783419839,139.85036726935218,141.63975524902344,141.63975524902344,548641600,0.0,0.0
2022-09-30,140.44682196583875,146.6698991289563,136.8779970728446,144.5723419189453,144.5723419189453,474940300,0.0,0.0
2022-10-07,141.69940065641134,142.743211587585,133.57758293203688,142.14675903320312,142.14675903320312,421516000,0.0,0.0
2022-10-14,143.45894513900782,145.83484976877975,137.37504202334796,142.54437255859375,142.54437255859375,399265800,0.0,0.0
2022-10-21,142.02741921059012,151.59069556794108,141.80871544725608,143.946044921875,143.946044921875,434637300,0.0,0.0
2022-10-28,147.32600247733433,156.57115970308647,137.93173592890952,138.06097412109375,138.06097412109375,534608000,0.0,0.0
2022-11-04,141.25202119888985,146.0038299560547,133.58749938507978,146.0038299560547,146.0038299560547,507869700,0.23,0.0
2022-11-11,145.2005194283557,152.9374991572711,143.75666731572846,150.07969665527344,150.07969665527344,401829800,0.0,0.0
2022-11-18,151.66294508972297,152.05128766056782,146.30579586640596,150.42822265625,150.42822265625,243659200,0.0,0.0
2022-11-25,147.679931640625,148.49645532465777,139.75375664705132,147.679931640625,147.679931640625,370837000,0.0,0.0
2022-12-02,145.33992676415778,150.2788467536936,139.40523986731858,142.04397583007812,142.04397583007812,330850400,0.0,0.0
2022-12-09,141.73529117337458,149.33288139076186,135.45210047307742,135.92010498046875,135.92010498046875,421669000,0.0,0.0
2022-12-16,136.10930268807863,137.06521581415532,129.3381880701803,131.66824340820312,131.66824340820312,480962400,0.0,0.0
2022-12-23,130.363804178546,131.85743165336063,125.33526290485936,129.0593719482422,129.0593719482422,293964800,0.0,0.0
2022-12-30,127.8644816533354,130.3438937050475,123.64248890254248,124.48887634277344,124.48887634277344,359228000,0.0,0.0
2023-01-06,125.47466747576246,133.68961098683528,124.35942289345232,132.84323120117188,132.84323120117188,363280200,0.0,0.0
2023-01-13,131.4690869954415,138.02113456913838,131.10066375300306,134.69532775878906,134.69532775878906,249409500,0.0,0.0
2023-01-20,134.70528666692104,143.6371804926206,133.64979231235972,143.34841918945312,143.34841918945312,348323400,0.0,0.0
2023-01-27,142.5518140053688,150.5377315309119,140.71963456264805,150.1792755126953,150.1792755126953,396448200,0.0,0.0
2023-02-03,147.40111858464093,156.71140278241512,147.20197128931218,150.2290496826172,150.2290496826172,427665400,0.0,0.0
2023-02-10,148.82506193554053,155.6658715359955,148.58607604780806,153.0570068359375,153.0570068359375,315099000,0.23,0.0
2023-02-17,151.93439623266943,152.58261694983943,146.7585520857033,148.992431640625,148.992431640625,217416800,0.0,0.0
2023-02-24,146.70870164560657,148.7630797705506,143.50745145655588,145.51197814941406,145.51197814941406,258732200,0.0,0.0
2023-03-03,147.636137365092,155.87361366676814,146.9280827802248,150.17918395996094,150.17918395996094,315510700,0.0,0.0
2023-03-10,149.80023687758234,156.03318700498858,147.20732353771598,155.4248504638672,155.4248504638672,380054400,0.0,0.0
2023-03-17,155.6542283984937,161.69769478120608,153.72948536713668,158.49644470214844,158.49644470214844,389848200,0.0,0.0
2023-03-24,158.426631714117,162.02678426974174,155.55448346313392,161.91708374023438,161.91708374023438,258386400,0.0,0.0
2023-03-31,161.99688536797746,166.3848766026223,161.35863182080794,164.21083068847656,164.21083068847656,268906100,0.0,0.0
2023-04-07,160.97964712040562,165.3477034233356,159.34412162159492,165.1083526611328,165.1083526611328,213939800,0.0,0.0
2023-04-14,164.14101070991293,167.70127939863735,163.37312215197065,166.1953887939453,166.1953887939453,241002300,0.0,0.0
2023-04-21,164.59975729548034,168.10017676383075,162.35589515026916,167.95059204101562,167.95059204101562,259402100,0.0,0.0
2023-04-28,168.03036942686538,170.45373314995973,163.8617644381168,165.3377227783203,165.3377227783203,302479200,0.0,0.0
2023-05-05,170.51356843513898,174.1137210933773,170.2941673698708,173.27601623535156,173.27601623535156,317845300,0.0,0.0
2023-05-12,173.14635713801533,174.76194810112304,169.95508982996753,174.5724639892578,174.5724639892578,248323100,0.24,0.0
2023-05-19,176.15212258487986,176.15212258487986,170.29004365164448,172.7567138671875,172.7567138671875,251292400,0.0,0.0
2023-05-26,173.08627805062895,179.8770957758611,172.8765545395924,179.84713745117188,179.84713745117188,279326500,0.0,0.0
2023-06-02,180.78586342449572,184.70057512075556,177.08087522902264,180.3264923095703,180.3264923095703,360900300,0.0,0.0
2023-06-09,181.2552426095032,186.2684772778539,180.38642070297482,185.7591552734375,185.7591552734375,280970800,0.0,0.0
2023-06-16,186.47817783952283,186.79775361246232,182.3437615159406,186.74781799316406,186.74781799316406,251795700,0.0,0.0
2023-06-23,185.29977501489853,189.81368372402295,184.76049471182986,189.33432006835938,189.33432006835938,249462900,0.0,0.0
2023-06-30,191.3715806212681,194.21772808677068,188.9448496944212,191.55133056640625,191.55133056640625,208542400,0.0,0.0
2023-07-07,191.15187237760503,192.41016768380206,186.34836147500891,190.2830352783203,190.2830352783203,255430800,0.0,0.0
2023-07-14,189.97345436652168,197.96266568474576,189.37427266058165,192.8695526123047,192.8695526123047,280536400,0.0,0.0
2023-07-21,193.8382449979152,196.93405522952818,190.97210508595452,192.9594268798828,192.9594268798828,249510900,0.0,0.0
2023-07-28,194.40748109537114,196.46470069878052,190.4328524857293,190.91220092773438,190.91220092773438,233915100,0.0,0.0
2023-08-04,185.26981705095278,187.1273093151746,176.77128365256172,177.72999572753906,177.72999572753906,396264200,0.0,0.0
2023-08-11,177.08088250873848,179.44768157008525,176.261981005025,176.33189392089844,176.33189392089844,186251200,0.24,0.0
2023-08-17,177.13999938964844,177.50540161132812,173.47999572753906,173.94000244140625,173.94000244140625,49003629,0.0,0.0
